{
   "allowedResourceTypes": {
      "type": "Array",
      "defaultValue": [
         "Microsoft.ContainerService/managedClusters",
         "Microsoft.Compute/availabilitySets",
         "Microsoft.Compute/virtualMachines",
         "Microsoft.Compute/disks",
         "Microsoft.Insights/alertrules",
         "Microsoft.Insights/components",
         "Microsoft.ManagedIdentity/userassignedidentities",
         "Microsoft.Network/applicationGateways",
         "Microsoft.Network/networkInterfaces",
         "Microsoft.Network/networkSecurityGroups",
         "Microsoft.Network/publicIPAddresses",
         "Microsoft.Network/routeTables",
         "Microsoft.Network/virtualNetworks",
         "Microsoft.Resources/deployments",
         "Microsoft.Sql/servers",
         "Microsoft.Sql/servers/databases",
         "Microsoft.ServiceBus/namespaces",
         "Microsoft.Storage/storageAccounts",
         "Microsoft.KeyVault/vaults",
         "Microsoft.ManagedIdentity/userAssignedIdentities",
         "Microsoft.Insights/components",
         "Microsoft.Web/serverfarms",
         "Microsoft.Web/sites"
      ],
      "metadata": {
         "description": "The list of allowed resource types.",
         "displayName": "Allowed resource types",
         "strongType": "resourceTypes"
      }
   },
   "effect": {
      "type": "String",
      "defaultValue": "audit",
      "metadata": {
         "description": "Value of the effect, audit or deny"
      }
   }
}