{
    "$schema": "https://schema.management.azure.com/schemas/2019-04-01/deploymentTemplate.json#",
    "contentVersion": "1.0.0.0",
    "parameters": {
        "keyVaultName": {
            "type": "string",
            "defaultValue": "",
            "minLength": 3,
            "maxLength": 24,
            "metadata": {
                "description": "Name of the Key Vault resource."
            }
        },
        "portfolioRMObjectId": {
            "type": "string",
            "defaultValue": "",
            "minLength": 36,
            "maxLength": 36,
            "metadata": {
                "description": "Object Id (guid) of the Portfolio TFS Release Manager account."
            }
        },
        "provisioningObjectId": {
            "type": "string",
            "defaultValue": "",
            "minLength": 36,
            "maxLength": 36,
            "metadata": {
                "description": "Object Id (guid) of the Provisioning Automation Account."
            }
        },
        "enableSoftDelete": {
            "type": "bool",
            "defaultValue": "true"
        },
        "allowedSubNetIds": {
            "type": "array",
            "defaultValue": []
        },
        "createMode": {
            "type": "string",
            "defaultValue": "default",
            "allowedValues": [
                "default",
                "recover"
            ],
            "metadata": {
                "description": "The Key Vault's create mode to indicate whether the vault needs to be recovered or not. (Valid options are 'recover' or 'default')"
            }
        },
        "sku": {
            "type": "string",
            "defaultValue": "Premium"
        },
        "ipRules": {
            "type": "array"
        },
        "location": {
            "type": "string",
            "defaultValue": "eastus2",
            "metadata": {
                "description": "Location for the Key Vault resource."
            }
        },
        "createdDate": {
            "type": "string"
        },
        "TemplateVersion": {
            "type": "string"
        }
    },
    "variables": {
        "tenantId": "[subscription().tenantId]",
        "subscriptionId": "[subscription().subscriptionId]",
        "keyVaultName": "[if(startsWith(parameters('keyVaultName'),'KV-'), parameters('keyVaultName'), concat('KV-', parameters('keyVaultName')))]",
        "location": "[toLower(replace(if(empty(parameters('location')), resourceGroup().location, parameters('location')), ' ', ''))]",
        "resourceGroupTags": "[if(contains(resourceGroup(), 'tags'), resourceGroup().tags, json('{}'))]",
        "versionTag": {
            "TemplateVersion": "[parameters('TemplateVersion')]"
        },
        "createdDateTag": {
            "createdOn": "[parameters('createdDate')]"
        },
        "purposeTag": {
            "AtlasPurpose": "Atlas-KeyVault-Generic"
        },
        "aggregatedTags": "[union(variables('resourceGroupTags'), variables('versionTag'), variables('createdDateTag'), variables('purposeTag'))]"
    },
    "resources": [
        {
            "name": "[variables('keyVaultName')]",
            "type": "Microsoft.KeyVault/vaults",
            "apiVersion": "2022-07-01",
            "location": "[variables('location')]",
            "tags": "[variables('aggregatedTags')]",
            "properties": {
                "tenantId": "[variables('tenantId')]",
                "sku": {
                    "family": "A",
                    "name": "[parameters('sku')]"
                },
                "accessPolicies": [
                    {
                        "tenantId": "[subscription().tenantId]",
                        "objectId": "[parameters('portfolioRMObjectId')]",
                        "permissions": {
                            "keys": [
                                "decrypt",
                                "encrypt",
                                "unwrapKey",
                                "wrapKey",
                                "verify",
                                "sign",
                                "get",
                                "list",
                                "update",
                                "create",
                                "import",
                                "delete",
                                "backup",
                                "restore",
                                "recover"
                            ],
                            "secrets": [
                                "get",
                                "list",
                                "set",
                                "delete",
                                "backup",
                                "restore",
                                "recover"
                            ],
                            "certificates": [
                                "get",
                                "list",
                                "delete",
                                "create",
                                "import",
                                "update",
                                "managecontacts",
                                "getissuers",
                                "listissuers",
                                "setissuers",
                                "deleteissuers",
                                "manageissuers",
                                "recover",
                                "backup",
                                "restore"
                            ],
                            "storage": [
                                "get",
                                "list",
                                "delete",
                                "set",
                                "update",
                                "regeneratekey",
                                "getsas",
                                "listsas",
                                "deletesas",
                                "setsas"
                            ]
                        }
                    },
                    {
                        "tenantId": "[subscription().tenantId]",
                        "objectId": "[parameters('provisioningObjectId')]",
                        "permissions": {
                            "keys": [
                                "create",
                                "update",
                                "delete",
                                "list"
                            ],
                            "secrets": [
                                "set",
                                "delete",
                                "list"
                            ],
                            "certificates": [
                                "create",
                                "update",
                                "managecontacts",
                                "manageissuers",
                                "setissuers",
                                "delete",
                                "list"
                            ]
                        }
                    }
                ],
                "createMode": "[parameters('createMode')]",
                "enabledForDiskEncryption": true,
                "enabledForDeployment": true,
                "enabledForTemplateDeployment": true,
                "networkAcls": {
                    "bypass": "AzureServices",
                    "defaultAction": "Deny",
                    "virtualNetworkRules": "[parameters('allowedSubNetIds')]",
                    "ipRules": "[parameters('ipRules')]"
                }
            },
            "resources": []
        }
    ],
    "outputs": {
        "keyVaultName": {
            "value": "[parameters('keyVaultName')]",
            "type": "string"
        },
        "portfolioRMObjectId": {
            "value": "[parameters('portfolioRMObjectId')]",
            "type": "string"
        },
        "provisioningObjectId": {
            "value": "[parameters('provisioningObjectId')]",
            "type": "string"
        },
        "createMode": {
            "value": "[parameters('createMode')]",
            "type": "string"
        },
        "aggregatedTags": {
            "type": "object",
            "value": "[variables('aggregatedTags')]"
        },
        "location": {
            "type": "string",
            "value": "[variables('location')]"
        },
        "vaultUri": {
            "value": "[reference(variables('keyVaultName')).vaultUri]",
            "type": "string"
        }
    }
}
