{
  "$schema": "https://schema.management.azure.com/schemas/2019-04-01/deploymentTemplate.json#",
  "contentVersion": "1.0.0.0",
  "parameters": {
    "sqlServerName": {
      "type": "string",
      "metadata": {
        "description": "Name of the Azure SQL Server.\n\nIf you do not include sql- as a prefix it will automatically be added."
      }
    },
    "sqlDatabaseName": {
      "type": "string",
      "metadata": {
        "description": "Name of the database to create."
      }
    },
    "requestedServiceObjectiveName": {
      "type": "string",
      "defaultValue": "Basic"
    },
    "databaseCollation": {
      "type": "string",
      "defaultValue": "SQL_Latin1_General_CP1_CI_AS",
      "metadata": {
        "description": "The database collation, use the default if you're not sure.\n\nThe two most common are:\nSQL_Latin1_General_CP1_CI_AS - case-Insensitive, accent sensitive for use with 1252 Character Set (this is the default & most common)\nSQL_Latin1_General_CP1_CS_AS - case-Sensitive, accent sensitive for use with 1252 Character Set."
      }
    },
    "sqlLocation": {
      "type": "string"
    },
    "TagTemplateVersion": {
      "type": "string"
    },
    "createdDate": {
      "type": "string"
    }
  },
  "variables": {
    "resourceGroupTags": "[if(contains(resourceGroup(), 'tags'), resourceGroup().tags, json('{}'))]",
    "versionTag": {
      "TemplateVersion": "[parameters('TagTemplateVersion')]"
    },
    "createdDateTag": {
      "createdOn": "[parameters('createdDate')]"
    },
    "aggregatedTags": "[union(variables('resourceGroupTags'), variables('versionTag'), variables('createdDateTag'))]"
  },
  "resources": [
    {
      "name": "[concat(parameters('sqlServerName'), '/', parameters('sqlDatabaseName'))]",
      "type": "Microsoft.Sql/servers/databases",
      "apiVersion": "2015-01-01",
      "location": "[parameters('sqlLocation')]",
      "properties": {
        "collation": "[parameters('databaseCollation')]",
        "requestedServiceObjectiveName": "[parameters('requestedServiceObjectiveName')]"
      },
      "tags": "[variables('aggregatedTags')]"
    },
    {
      "type": "Microsoft.Sql/servers/databases/transparentDataEncryption",
      "name": "[concat(parameters('sqlServerName'), '/', parameters('sqlDatabaseName'), '/', 'current')]",
      "apiVersion": "2014-04-01",
      "location": "[parameters('sqlLocation')]",
      "scale": null,
      "properties": {
        "status": "Enabled"
      },
      "dependsOn": [
        "[resourceId('Microsoft.Sql/servers/databases', parameters('sqlServerName'), parameters('sqlDatabaseName'))]"
      ]
    }
  ],
  "outputs": {
    "sqlServerName": {
      "value": "[parameters('sqlServerName')]",
      "type": "string"
    },
    "sqlDatabaseName": {
      "type": "string",
      "value": "[parameters('sqlDatabaseName')]"
    }
  }
}
