{
  "$schema": "https://schema.management.azure.com/schemas/2019-04-01/deploymentTemplate.json#",
  "contentVersion": "1.0.0.0",
  "parameters": {
    "sqlServerName": {
      "type": "string",
      "metadata": {
        "description": "Name of the Azure SQL Server.\n\nIf you do not include sql- as a prefix it will automatically be added.\nIt is recommended to include an environment suffix at the end of the name, for example, -d (for dvlp) or -np (for nonprod)."
      }
    },
    "sqlLocation": {
      "type": "string"
    },
    "sqlAdminPw": {
      "type": "securestring"
    },
    "sqlAADAdminLogin": {
      "type": "string"
    },
    "sqlAADAdminObjectID": {
      "type": "string"
    },
    "notificationEmailList": {
      "type": "string"
    },
    "TagTemplateVersion": {
      "type": "string"
    },
    "createdDate": {
      "type": "string"
    },
    "useVNetServiceEndpoint": {
      "type": "string",
      "allowedValues": [ "Yes", "No" ],
      "defaultValue": "No",
      "metadata": {
        "description": "Do you want to define a vNet Service Endpoint for this Azure SQL Server?"
      }
    },
    "AtlasSubnetIds": {
      "type": "array",
      "metadata": {
        "description": "Array of subnet resourceIds, only needed if you are setting up vNet Service Endpoint firewall rules."
      }
    }
  },
  "variables": {
    "vNets": "[parameters('AtlasSubnetIds')]",
    "AADTenantId": "[subscription().tenantId]",
    "resourceGroupTags": "[if(contains(resourceGroup(), 'tags'), resourceGroup().tags, json('{}'))]",
    "versionTag": {
      "TemplateVersion": "[parameters('TagTemplateVersion')]"
    },
    "createdDateTag": {
      "createdOn": "[parameters('createdDate')]"
    },
    "aggregatedTags": "[union(variables('resourceGroupTags'), variables('versionTag'), variables('createdDateTag'))]"
  },
  "resources": [
    {
      "name": "[parameters('sqlServerName')]",
      "type": "Microsoft.Sql/servers",
      "location": "[parameters('sqlLocation')]",
      "apiVersion": "2019-06-01-preview",
      "properties": {
        "administratorLogin": "[concat('sa-', parameters('sqlServerName'))]",
        "administratorLoginPassword": "[parameters('sqlAdminPw')]",
        "MinimalTlsVersion": "1.2",
        "version": "12.0"
      },
      "dependsOn": [
      ],
      "tags": "[variables('aggregatedTags')]",
      "resources": [
        {
          "name": "activeDirectory",
          "type": "administrators",
          "apiVersion": "2014-04-01",
          "location": "[parameters('sqlLocation')]",
          "properties": {
            "administratorType": "ActiveDirectory",
            "login": "[parameters('sqlAADAdminLogin')]",
            "sid": "[parameters('sqlAADAdminObjectID')]",
            "tenantId": "[variables('AADTenantID')]"
          },
          "dependsOn": [
            "[concat('Microsoft.Sql/servers/', parameters('sqlServerName'))]"
          ]
        },
        {
          "apiVersion": "2017-03-01-preview",
          "type": "securityAlertPolicies",
          "name": "Default",
          "properties": {
            "state": "Enabled",
            "disabledAlerts": [""],
            "emailAddresses": [ "[parameters('notificationEmailList')]" ],
            "emailAccountAdmins": "true"
          },
          "dependsOn": [
            "[concat('Microsoft.Sql/servers/', parameters('sqlServerName'))]"
          ]
        }
      ]
    },
    {
      "condition": "[equals(parameters('useVNetServiceEndpoint'), 'Yes')]",
      "type": "Microsoft.Sql/servers/virtualNetworkRules",
      "name": "[concat(parameters('sqlServerName'), '/', variables('vNets')[copyIndex()].vNetRuleName)]",
      "apiVersion": "2015-05-01-preview",
      "copy": {
        "count": "[length(variables('vNets'))]",
        "name": "vNetlRules"
      },
      "scale": null,
      "properties": {
        "virtualNetworkSubnetId": "[variables('vNets')[copyIndex()].subnetResourceId]"
      },
      "dependsOn": [
        "[concat('Microsoft.Sql/servers/', parameters('sqlServerName'))]"
      ]
    }
  ],
  "outputs": {
    "sqlServerName": {
      "type": "string",
      "value": "[parameters('sqlServerName')]"
    }
  }

}