{
  "properties": {
    "displayName": "Require storage account encryption",
    "policyType": "BuiltIn",
    "description": "This policy ensures encryption for storage accounts is turned on.",
    "parameters": {},
    "policyRule": {
      "if": {
        "allOf": [
          {
            "field": "type",
            "equals": "Microsoft.Storage/storageAccounts"
          },
          {
            "field": "Microsoft.Storage/storageAccounts/enableBlobEncryption",
            "equals": "false"
          }
        ]
      },
      "then": {
        "effect": "Deny"
      }
    }
  },
  "id": "/providers/Microsoft.Authorization/policyDefinitions/7c5a74bf-ae94-4a74-8fcf-644d1e0e6e6f",
  "type": "Microsoft.Authorization/policyDefinitions",
  "name": "7c5a74bf-ae94-4a74-8fcf-644d1e0e6e6f"
}