{
   "description": "DefaultConfig",
   "subscriptionId": "__SUBSCRIPTION__",
   "applicationGateway": {
      "applicationGatewayName": "__AG_WAF_NAME__",
      "applicationGatewayRGName": "__AG_WAF_RG_NAME__",
      "location": "eastus2",
      "tier": "WAF_v2",
      "capacity": 2,
      "autoscaleMaxCapacity": 10
   },
   "publicIPAddress": {
      "vnetName": "__VNET_NAME__",
      "vnetRGName": "__VNET_RG_NAME__",
      "subnetName": "__SUBNET_NAME__",
      "idleTimeout": 4
   },
   "sslCertificates": [
      {
         "certificateName": "__SSL_CERT_NAME__",
         "certificatePrefix": "__SSL_CERT_NAME__",
         "domains": [
            {
               "hostName": "__HOST_NAME__",
               "backendPools": [
                  {
                     "appName": "__APP_NAME__",
                     "fqdn": "__APP_NAME__.azurewebsites.net",
                     "pathName": "root"
                  }
               ]
            }
         ]
      }
   ]
}