{
   "description": "BuildTestApps",
   "subscriptionId": "4ecbab23-0d34-4fd1-88a2-ca4f5f4121fe",
   "applicationGateway": {
      "applicationGatewayName": "__AG_WAF_NAME__",
      "applicationGatewayRGName": "__AG_WAF_RG_NAME__",
      "location": "eastus2",
      "tier": "WAF_v2",
      "capacity": 2,
      "autoscaleMaxCapacity": 10
   },
   "publicIPAddress": {
      "vnetName": "VNet-CMFG-Atlas-Atlantis",
      "vnetRGName": "RG-CMFG-NP2-Atlas-Infrastructure-Build-Testing",
      "subnetName": "VNet-CMFG-Atlas-Atlantis-cmfg-subnet-v1",
      "idleTimeout": 4
   },
   "sslCertificates": [
      {
         "certificateName": "wildcard-atlasbeta-cunamutual",
         "certificatePrefix": "wildcard-atlasbeta-cunamutual",
         "domains": [
            {
               "hostName": "buildtest.atlasbeta.cunamutual.com",
               "backendPools": [
                  {
                     "appName": "BuildTest-Root",
                     "fqdn": "as-infratst1.azurewebsites.net",
                     "pathName": "root"
                  },
                  {
                     "appName": "BuildTest-Foo",
                     "fqdn": "as-infratst2.azurewebsites.net",
                     "pathName": "foo"
                  }
               ]
            },
            {
               "hostName": "builddemo.atlasbeta.cunamutual.com",
               "backendPools": [
                  {
                     "appName": "BuildDemo-Root",
                     "fqdn": "__APP_NAME__.azurewebsites.net",
                     "pathName": "root"
                  }
               ]
            }
         ]
      }
   ]
}