{
    "$schema": "https://schema.management.azure.com/schemas/2019-04-01/deploymentTemplate.json#",
    "contentVersion": "1.0.0.0",
    "parameters": {
        "eventSubName": {
            "type": "string",
            "defaultValue": "subToResources",
            "metadata": {
                "description": "The name of the event subscription to create."
            }
        },
        "endpoint": {
            "type": "securestring",
            "metadata": {
                "description": "The URL for the WebHook to receive events. Create your own endpoint for events."
            }
        },
        "advancedFilterValues": {
            "type": "array",
            "defaultValue": [ "Microsoft.Web/sites" ],
            "metadata": {
                "description": "Array of values to filter message delivery"
            }
        },
        "includedEventTypes": {
            "type": "array",
            "defaultValue": [ "Microsoft.Resources.ResourceWriteSuccess" ],
            "metadata": {
                "description": "Array of event type values to filter message delivery"
            }
        }
    },
    "resources": [
        {
            "type": "Microsoft.EventGrid/eventSubscriptions",
            "name": "[parameters('eventSubName')]",
            "apiVersion": "2018-01-01",
            "properties": {
                "destination": {
                    "endpointType": "WebHook",
                    "properties": {
                        "endpointUrl": "[parameters('endpoint')]"
                    }
                },
                "filter": {
                    "advancedFilters": [
                        {
                            "OperatorType": "StringContains",
                            "Key": "Subject",
                            "Values": "[parameters('advancedFilterValues')]"
                        }
                    ],
                    "includedEventTypes": "[parameters('includedEventTypes')]"
                }
            }
        }
    ]
}