{
  "$schema": "https://schema.management.azure.com/schemas/2019-04-01/deploymentTemplate.json#",
  "contentVersion": "1.0.0.0",
  "parameters": {
    "serviceBusNamespaceName": {
      "type": "string",
      "metadata": {
        "description": "Name of the Service Bus namespace"
      }
    },
    "location": {
      "type": "string",
      "defaultValue": "[resourceGroup().location]",
      "metadata": {
        "description": "Location for all resources."
      }
    },
    "defaultSASKeyName": {
      "type": "string",
      "defaultValue": "RootManageSharedAccessKey"
    },
    "createdDate": {
      "type": "string"
    },
    "TemplateVersion": {
      "type": "string"
    },
    "networkRules": {
      "type": "array",
      "defaultValue": []
    }
  },
  "variables": {
    "sbVersion": "2017-04-01",
    "defaultSASKeyName": "[parameters('defaultSASKeyName')]",
    "authRuleResourceId": "[resourceId('Microsoft.ServiceBus/namespaces/authorizationRules', parameters('serviceBusNamespaceName'), variables('defaultSASKeyName'))]",
    "resourceGroupTags": "[if(contains(resourceGroup(), 'tags'), resourceGroup().tags, json('{}'))]",
    "versionTag": {
      "TemplateVersion": "[parameters('TemplateVersion')]"
    },
    "createdDateTag": {
      "createdOn": "[parameters('createdDate')]"
    },
    "operationsTag": {
      "AtlasOperations": "SASKeyMaintanence"
    },
    "aggregatedTags": "[union(variables('resourceGroupTags'), variables('versionTag'), variables('createdDateTag'), variables('operationsTag'))]",
    "namespaceNetworkRuleSetName": "[concat(parameters('servicebusNamespaceName'), concat('/', 'default'))]"
  },
  "resources": [
    {
      "apiVersion": "2022-01-01-preview",
      "name": "[parameters('serviceBusNamespaceName')]",
      "tags": "[variables('aggregatedTags')]",
      "type": "Microsoft.ServiceBus/namespaces",
      "location": "[parameters('location')]",
      "sku": {
        "name": "Premium",
        "tier": "Premium"
      },
      "properties": {
        "minimumTlsVersion": "1.2"
      }
    },
    {
      "apiVersion": "2017-04-01",
      "name": "[variables('namespaceNetworkRuleSetName')]",
      "type": "Microsoft.ServiceBus/namespaces/networkruleset",
      "dependsOn": [
        "[concat('Microsoft.ServiceBus/namespaces/', parameters('servicebusNamespaceName'))]"
      ],
      "properties": {
        "virtualNetworkRules": "[parameters('networkRules')]",
        "ipRules": [
          {
            "ipMask": "8.36.116.204",
            "action": "Allow"
          },
          {
            "ipMask": "208.91.239.30",
            "action": "Allow"
          },
          {
            "ipMask": "208.91.239.10",
            "action": "Allow"
          },
          {
            "ipMask": "208.91.239.11",
            "action": "Allow"
          },
          {
            "ipMask": "208.91.237.190",
            "action": "Allow"
          },
          {
            "ipMask": "208.91.237.161",
            "action": "Allow"
          },
          {
            "ipMask": "208.91.237.162",
            "action": "Allow"
          }
        ],
        "defaultAction": "Deny"
      }
    }
  ],
  "outputs": {
    "NamespaceName": {
      "type": "string",
      "value": "[parameters('serviceBusNamespaceName')]"
    },
    "aggregatedTags": {
      "type": "object",
      "value": "[variables('aggregatedTags')]"
    }
  }
}
