{
  "if": {
    "allOf": [
      {
        "field": "[concat('tags[', parameters('titanTagName'), ']')]",
        "contains": "[parameters('titanTagValue')]"
      },
      {
        "field": "type",
        "equals": "Microsoft.Sql/servers"
      }
    ]
  },
  "then": {
    "effect": "AuditIfNotExists",
    "details": {
      "type": "Microsoft.Sql/servers/auditingSettings",
      "name": "default",
      "existenceCondition": {
        "field": "Microsoft.Sql/auditingSettings.state",
        "equals": "enabled"
      }
    }
  }
}