{
    "$schema": "https://schema.management.azure.com/schemas/2019-04-01/deploymentTemplate.json#",
    "contentVersion": "1.0.0.0",
    "parameters": {
        "appName": {
            "type": "string",
            "metadata": {
                "description": "Name of the Function App resource."
            }
        },
        "location": {
            "type": "string",
            "defaultValue": "eastus2",
            "metadata": {
                "description": "Location for this resource."
            }
        },
        "planName": {
            "type": "string",
            "metadata": {
                "description": "Name of the shared hosting plan resource."
            }
        },
        "planRGName": {
            "type": "string",
            "metadata": {
                "description": "Name of the resource group where the shared hosting plan is located."
            }
        },
        "subnetRef": {
            "type": "string",
            "metadata": {
                "description": "Resource ID of Atlantis subnet to be attached."
            }
        },
        "alwaysOn": {
            "type": "bool",
            "defaultValue": true
        },
        "useMsi": {
            "type": "bool",
            "defaultValue": false
        },
        "msiName": {
            "type": "string",
            "defaultValue": ""
        },
        "msiRGName": {
            "type": "string",
            "defaultValue": ""
        },
        "appSettings": {
            "type": "array",
            "defaultValue": [],
            "metadata": {
                "description": "App settings to set for the Function App."
            }
        },
        "createdDate": {
            "type": "string",
            "metadata": {
                "description": "Date this resource was created."
            }
        },
        "TemplateVersion": {
            "type": "string",
            "metadata": {
                "description": "Name of the Atlas template version."
            }
        }
    },
    "variables": {
        "subscriptionId": "[subscription().subscriptionId]",
        "location": "[toLower(replace(if(empty(parameters('location')), resourceGroup().location, parameters('location')), ' ', ''))]",
        "serverFarmId": "[concat('/subscriptions/', variables('subscriptionId'),'/resourcegroups/', parameters('planRGName'), '/providers/Microsoft.Web/serverfarms/', parameters('planName'))]",
        "resourceGroupTags": "[if(contains(resourceGroup(), 'tags'), resourceGroup().tags, json('{}'))]",
        "versionTag": {
            "TemplateVersion": "[parameters('TemplateVersion')]"
        },
        "createdDateTag": {
            "createdOn": "[parameters('createdDate')]"
        },
        "purposeTag": {
            "AtlasPurpose": "Atlas-AppServicePlan-Generic"
        },
        "aggregatedTags": "[union(variables('resourceGroupTags'), variables('versionTag'), variables('createdDateTag'), variables('purposeTag'))]",
        "userAssignedId": {
            "type": "SystemAssigned, UserAssigned",
            "userAssignedIdentities": {
                "[toLower(concat(resourceId(variables('subscriptionId'), parameters('msiRGName'), 'Microsoft.ManagedIdentity/userAssignedIdentities', parameters('msiName'))))]": {}
            }
        },
        "systemAssignedId": {
            "type": "SystemAssigned"
        }
    },
    "resources": [
        {
            "apiVersion": "2019-08-01",
            "name": "[parameters('appName')]",
            "type": "Microsoft.Web/sites",
            "location": "[variables('location')]",
            "identity": "[if(parameters('useMsi'), variables('userAssignedId'),variables('systemAssignedId'))]",
            "kind": "functionapp",
            "tags": "[variables('aggregatedTags')]",
            "properties": {
                "name": "[parameters('appName')]",
                "siteConfig": {
                    "alwaysOn": "[parameters('alwaysOn')]",
                    "use32BitWorkerProcess": false,
                    "ftpsState": "Disabled",
                    "remoteDebuggingVersion": "VS2019",
                    "JavaVersion": "",
                    "JavaContainer": "",
                    "JavaContainerVersion": "",
                    "minTlsVersion": "1.2",
                    "PythonVersion": "",
                    "appSettings": "[parameters('appSettings')]"
                },
                "serverFarmId": "[variables('serverFarmId')]",
                "planEnvironment": "",
                "clientAffinityEnabled": false,
                "httpsOnly": true
            },
            "resources": [
                {
                    "apiVersion": "2015-08-01",
                    "name": "Microsoft.ApplicationInsights.AzureWebSites",
                    "type": "siteextensions",
                    "dependsOn": [
                        "[resourceId('Microsoft.Web/Sites', parameters('appName'))]"
                    ],
                    "properties": {
                    }
                },
                {
                    "apiVersion": "2018-11-01",
                    "name": "web",
                    "type": "config",
                    "dependsOn": [
                        "[resourceId('Microsoft.Web/sites', parameters('appName'))]",
                        "[resourceId('Microsoft.Web/sites/siteextensions', parameters('appName'), 'Microsoft.ApplicationInsights.AzureWebSites')]"
                    ],
                    "properties": {
                        "ipSecurityRestrictions": [
                            {
                                "ipAddress": "0.0.0.0/0",
                                "description": "DefaultDenyAllTraffic",
                                "action": "Deny",
                                "tag": "Default",
                                "priority": 65000,
                                "name": "DefaultDenyAllTraffic"
                            }
                        ]
                    }
                },
                {
                    "apiVersion": "2018-02-01",
                    "type": "config",
                    "name": "virtualNetwork",
                    "location": "[variables('location')]",
                    "dependsOn": [
                        "[resourceId('Microsoft.Web/sites', parameters('appName'))]",
                        "[resourceId('Microsoft.Web/sites/siteextensions', parameters('appName'), 'Microsoft.ApplicationInsights.AzureWebSites')]",
                        "[resourceId('Microsoft.Web/sites/config', parameters('appName'), 'web')]"
                    ],
                    "properties": {
                        "subnetResourceId": "[parameters('subnetRef')]",
                        "swiftSupported": true
                    }
                }
            ]
        }
    ],
    "outputs": {
        "userAssignedId": {
            "type": "object",
            "value": "[variables('userAssignedId')]"
        }
    }
}