{
    "$schema": "https://schema.management.azure.com/schemas/2019-04-01/deploymentTemplate.json#",
    "contentVersion": "1.0.0.0",
    "parameters": {
        "planName": {
            "type": "string",
            "metadata": {
                "description": "Name of this shared hosting plan resource."
            }
        },
        "planEnvironment": {
            "type": "string",
            "defaultValue": "",
            "metadata": {
                "description": "Name of the plan environment."
            }
        },
        "planSkuCode": {
            "type": "string",
            "defaultValue": "P1v2",
            "metadata": {
                "description": "Code for the plan sku."
            }
        },
        "workerSize": {
            "type": "string",
            "defaultValue": "0",
            "metadata": {
                "description": "Worker size."
            }
        },
        "workerSizeId": {
            "type": "string",
            "defaultValue": "0",
            "metadata": {
                "description": "Worker size ID."
            }
        },
        "numberOfWorkers": {
            "type": "string",
            "defaultValue": "1",
            "metadata": {
                "description": "Number of Workers."
            }
        },
        "location": {
            "type": "string",
            "defaultValue": "eastus2",
            "metadata": {
                "description": "Location for this resource."
            }
        },
        "createdDate": {
            "type": "string",
            "metadata": {
                "description": "Date this resource was created."
            }
        },
        "TemplateVersion": {
            "type": "string",
            "metadata": {
                "description": "Name of the Atlas template version."
            }
        }
    },
    "variables": {
        "location": "[toLower(replace(if(empty(parameters('location')), resourceGroup().location, parameters('location')), ' ', ''))]",
        "resourceGroupTags": "[if(contains(resourceGroup(), 'tags'), resourceGroup().tags, json('{}'))]",
        "versionTag": {
            "TemplateVersion": "[parameters('TemplateVersion')]"
        },
        "createdDateTag": {
            "createdOn": "[parameters('createdDate')]"
        },
        "purposeTag": {
            "AtlasPurpose": "Atlas-AppServicePlan-Generic"
        },
        "aggregatedTags": "[union(variables('resourceGroupTags'), variables('versionTag'), variables('createdDateTag'), variables('purposeTag'))]"
    },
    "resources": [
        {
            "apiVersion": "2018-02-01",
            "name": "[parameters('planName')]",
            "type": "Microsoft.Web/serverfarms",
            "location": "[variables('location')]",
            "kind": "",
            "tags": "[variables('aggregatedTags')]",
            "properties": {
                "name": "[parameters('planName')]",
                "workerSize": "[parameters('workerSize')]",
                "workerSizeId": "[parameters('workerSizeId')]",
                "numberOfWorkers": "[parameters('numberOfWorkers')]",
                "hostingEnvironment": "[parameters('planEnvironment')]"
            },
            "sku": {
                "Name": "[parameters('planSkuCode')]"
            }
        }
    ]
}