{
  "$schema": "https://schema.management.azure.com/schemas/2019-04-01/deploymentTemplate.json#",
  "contentVersion": "1.0.0.0",
  "parameters": {
    "eventhubNamespaceName": {
      "type": "string",
      "metadata": {
        "description": "Name of the Event Hubs namespace"
      }
    },
    "location": {
      "type": "string",
      "defaultValue": "[resourceGroup().location]",
      "metadata": {
        "description": "Location for Namespace"
      }
    },
    "createdDate": {
      "type": "string"
    },
    "ipRules": {
      "type": "array"
    },
    "TemplateVersion": {
      "type": "string"
    }
  },
  "variables": {
    "resourceGroupTags": "[if(contains(resourceGroup(), 'tags'), resourceGroup().tags, json('{}'))]",
    "versionTag": {
      "TemplateVersion": "[parameters('TemplateVersion')]"
    },
    "createdDateTag": {
      "createdOn": "[parameters('createdDate')]"
    },
    "operationsTag": {
      "AtlasOperations": "SASKeyMaintanence"
    },
    "aggregatedTags": "[union(variables('resourceGroupTags'), variables('versionTag'), variables('createdDateTag'), variables('operationsTag'))]",
    "namespaceNetworkRuleSetName": "[concat(parameters('eventhubNamespaceName'), concat('/', 'default'))]"
  },
  "resources": [
    {
      "apiVersion": "2022-01-01-preview",
      "name": "[parameters('eventhubNamespaceName')]",
      "tags": "[variables('aggregatedTags')]",
      "type": "Microsoft.EventHub/namespaces",
      "location": "[parameters('location')]",
      "sku": {
        "name": "Standard",
        "tier": "Standard"
      },
      "properties": {       
      }
    },
    {
      "apiVersion": "2018-01-01-preview",
      "name": "[variables('namespaceNetworkRuleSetName')]",
      "type": "Microsoft.EventHub/namespaces/networkrulesets",
      "dependsOn": [
        "[concat('Microsoft.EventHub/namespaces/', parameters('eventhubNamespaceName'))]"
      ],
      "properties": {
        "ipRules": "[parameters('ipRules')]",
        "defaultAction": "Deny"
      }
    }
  ],
  "outputs": {
    "NamespaceName": {
      "type": "string",
      "value": "[parameters('eventhubNamespaceName')]"
    },
    "aggregatedTags": {
      "type": "object",
      "value": "[variables('aggregatedTags')]"
    }
  }
}