{
  "$schema": "https://schema.management.azure.com/schemas/2019-04-01/deploymentTemplate.json#",
  "contentVersion": "1.0.0.0",
  "parameters": {
    "nsgName": {
      "type": "string",
      "defaultValue": "",
      "metadata": {
        "description": "NSG Name"
      }
    },
    "nsgLocation": {
      "type": "string",
      "defaultValue": "eastus2",
      "metadata": {
        "description": "Location for the NSG resources."
      }
    },
    "createdDate": {
      "type": "string",
      "defaultValue": "00/00/0000"
    },
    "TemplateVersion": {
      "type": "string",
      "defaultValue": "Titan-Atlas"
    }
  },
  "variables": {
    "nsgLocation": "[toLower(replace(if(empty(parameters('nsgLocation')), resourceGroup().location, parameters('nsgLocation')), ' ', ''))]",
    "resourceGroupTags": "[if(contains(resourceGroup(), 'tags'), resourceGroup().tags, json('{}'))]",
    "versionTag": {
      "TemplateVersion": "[parameters('TemplateVersion')]"
    },
    "createdDateTag": {
      "createdOn": "[parameters('createdDate')]"
    },
    "aggregatedTags": "[union(variables('resourceGroupTags'), variables('versionTag'), variables('createdDateTag'))]"
  },
  "resources": [
    {
      "apiVersion": "2020-11-01",
      "type": "Microsoft.Network/networkSecurityGroups",
      "name": "[parameters('nsgName')]",
      "tags": "[variables('aggregatedTags')]",
      "location": "[variables('nsgLocation')]",
      "properties": {
        "securityRules": [
          {
            "name": "Intra_vNet_Inbound_Udp",
            "properties": {
              "description": "Resources within vnet can communicate inbound using Udp",
              "protocol": "Udp",
              "sourcePortRange": "*",
              "destinationPortRange": "*",
              "sourceAddressPrefix": "VirtualNetwork",
              "destinationAddressPrefix": "VirtualNetwork",
              "access": "Allow",
              "priority": 3970,
              "direction": "Inbound"
            }
          },
          {
            "name": "Intra_vNet_Inbound_Tcp",
            "properties": {
              "description": "Resources within vnet can communicate inbound using Tcp",
              "protocol": "Tcp",
              "sourcePortRange": "*",
              "destinationPortRange": "*",
              "sourceAddressPrefix": "VirtualNetwork",
              "destinationAddressPrefix": "VirtualNetwork",
              "access": "Allow",
              "priority": 3980,
              "direction": "Inbound"
            }
          },
          {
            "name": "AllowAzureLB",
            "properties": {
              "description": "Permits load balancing above the deny-all rule.",
              "protocol": "*",
              "sourcePortRange": "*",
              "destinationPortRange": "*",
              "sourceAddressPrefix": "AzureLoadBalancer",
              "destinationAddressPrefix": "*",
              "access": "Allow",
              "priority": 3990,
              "direction": "Inbound"
            }
          },
          {
            "name": "DenyAllRuleInbound",
            "properties": {
              "description": "Deny-all above permissive default rules - necessary traffic must be permitted above",
              "protocol": "*",
              "sourcePortRange": "*",
              "destinationPortRange": "*",
              "sourceAddressPrefix": "*",
              "destinationAddressPrefix": "*",
              "access": "Deny",
              "priority": 4000,
              "direction": "Inbound"
            }
          },
          {
            "name": "Internet_Subnet_Outbound",
            "properties": {
              "description": "Resources within subnet can communicate to the internet",
              "protocol": "*",
              "sourcePortRange": "*",
              "destinationPortRange": "*",
              "sourceAddressPrefix": "*",
              "destinationAddressPrefix": "Internet",
              "access": "Allow",
              "priority": 2000,
              "direction": "Outbound"
            }
          },
          {
            "name": "Intra_vNet_Outbound",
            "properties": {
              "description": "Resources within subnet can communicate freely",
              "protocol": "*",
              "sourcePortRange": "*",
              "destinationPortRange": "*",
              "sourceAddressPrefix": "VirtualNetwork",
              "destinationAddressPrefix": "VirtualNetwork",
              "access": "Allow",
              "priority": 3990,
              "direction": "Outbound"
            }
          },
          {
            "name": "DenyAllRuleOutbound",
            "properties": {
              "description": "Deny-all above permissive default rules - necessary traffic must be permitted above",
              "protocol": "*",
              "sourcePortRange": "*",
              "destinationPortRange": "*",
              "sourceAddressPrefix": "*",
              "destinationAddressPrefix": "*",
              "access": "Deny",
              "priority": 4000,
              "direction": "Outbound"
            }
          }
        ]
      }
    }
  ]
}
