{
  "$schema": "https://schema.management.azure.com/schemas/2019-04-01/deploymentTemplate.json#",
  "contentVersion": "1.0.0.0",
  "parameters": {
    "vnetName": {
      "type": "string",
      "defaultValue": "",
      "metadata": {
        "description": "Name of the Virtual Network resource."
      }
    },
    "addressPrefix": {
      "type": "string",
      "defaultValue": "10.0.0.0/16",
      "metadata": {
        "description": "Address prefix for the Virtual Network."
      }
    },
    "vnetLocation": {
      "type": "string",
      "defaultValue": "eastus2",
      "metadata": {
        "description": "Location for the Virtual Network resource."
      }
    },
    "createdDate": {
      "type": "string",
      "defaultValue": "00/00/0000"
    },
    "TemplateVersion": {
      "type": "string",
      "defaultValue": "Titan-Atlas"
    }
  },
  "variables": {
    "vnetLocation": "[toLower(replace(if(empty(parameters('vnetLocation')), resourceGroup().location, parameters('vnetLocation')), ' ', ''))]",
    "resourceGroupTags": "[if(contains(resourceGroup(), 'tags'), resourceGroup().tags, json('{}'))]",
    "versionTag": {
      "TemplateVersion": "[parameters('TemplateVersion')]"
    },
    "createdDateTag": {
      "createdOn": "[parameters('createdDate')]"
    },
    "aggregatedTags": "[union(variables('resourceGroupTags'), variables('versionTag'), variables('createdDateTag'))]"
  },
  "resources": [
    {
      "apiVersion": "2020-11-01",
      "type": "Microsoft.Network/virtualNetworks",
      "name": "[parameters('vnetName')]",
      "tags": "[variables('aggregatedTags')]",
      "location": "[variables('vnetLocation')]",
      "properties": {
        "addressSpace": {
          "addressPrefixes": [
            "[parameters('addressPrefix')]"
          ]
        }
      }
    }
  ]
}
