{
  "$schema": "https://schema.management.azure.com/schemas/2019-04-01/deploymentTemplate.json#",
  "contentVersion": "1.0.0.0",
  "parameters": {
    "nsgName": {
      "type": "string",
      "defaultValue": "",
      "metadata": {
        "description": "NSG Name"
      }
    },
    "nsgLocation": {
      "type": "string",
      "defaultValue": "eastus2",
      "metadata": {
        "description": "Location for the NSG resources."
      }
    },
    "ApplyDlxAPIMRules": {
      "type": "bool",
      "defaultValue": false,
      "metadata": {
        "description": "Determine whether DLX Api Management ingress rules are applied to NSG"
      }
    },
    "createdDate": {
      "type": "string",
      "defaultValue": "00/00/0000"
    },
    "TemplateVersion": {
      "type": "string",
      "defaultValue": "Titan-Atlas"
    }
  },
  "variables": {
    "nsgLocation": "[toLower(replace(if(empty(parameters('nsgLocation')), resourceGroup().location, parameters('nsgLocation')), ' ', ''))]",
    "resourceGroupTags": "[if(contains(resourceGroup(), 'tags'), resourceGroup().tags, json('{}'))]",
    "versionTag": {
      "TemplateVersion": "[parameters('TemplateVersion')]"
    },
    "createdDateTag": {
      "createdOn": "[parameters('createdDate')]"
    },
    "BaselineAksPublicNsgRules": [
      {
        "name": "CMFG_Internal_Servers_Madison_443",
        "properties": {
          "description": "Connection from CMFG internal servers in Madison",
          "protocol": "Tcp",
          "sourcePortRange": "*",
          "destinationPortRange": "443",
          "sourceAddressPrefix": "208.91.239.30/32",
          "destinationAddressPrefix": "*",
          "access": "Allow",
          "priority": 115,
          "direction": "Inbound"
        }
      },
      {
        "name": "Madison_User_Network_443",
        "properties": {
          "description": "Connection from Madison CMFG VDIs",
          "protocol": "Tcp",
          "sourcePortRange": "*",
          "destinationPortRange": "443",
          "sourceAddressPrefixes": [
            "208.91.239.10/32",
            "208.91.239.11/32"
          ],
          "destinationAddressPrefix": "*",
          "access": "Allow",
          "priority": 116,
          "direction": "Inbound"
        }
      },
      {
        "name": "CMFG_Internal_Servers_Ashburn_443",
        "properties": {
          "description": "Connection from CMFG internal servers in Ashburn",
          "protocol": "Tcp",
          "sourcePortRange": "*",
          "destinationPortRange": "443",
          "sourceAddressPrefix": "208.91.237.190/32",
          "destinationAddressPrefix": "*",
          "access": "Allow",
          "priority": 117,
          "direction": "Inbound"
        }
      },
      {
        "name": "Ashburn_User_Network_443",
        "properties": {
          "description": "Connection from Ashburn CMFG VDIs",
          "protocol": "Tcp",
          "sourcePortRange": "*",
          "destinationPortRange": "443",
          "sourceAddressPrefixes": [
            "208.91.237.161/32",
            "208.91.237.162/32"
          ],
          "destinationAddressPrefix": "*",
          "access": "Allow",
          "priority": 118,
          "direction": "Inbound"
        }
      },
      {
        "name": "Cloud_APIC_2018_NonProd_443",
        "properties": {
          "description": "Connect from known NonProd APIC 2018 IP Addresses",
          "protocol": "Tcp",
          "sourcePortRange": "*",
          "destinationPortRange": "443",
          "sourceAddressPrefixes": [
            "52.162.245.1/32",
            "52.173.255.48/32",
            "23.100.79.154/32",
            "40.79.22.44/32",
            "52.173.246.220/32",
            "157.55.160.165/32",
            "168.61.220.200/32"
          ],
          "destinationAddressPrefix": "*",
          "access": "Allow",
          "priority": 150,
          "direction": "Inbound"
        }
      },
      {
        "name": "Cloud_APIC_2018_Prod_443",
        "properties": {
          "description": "Connect from known Prod APIC 2018 IP Addresses",
          "protocol": "Tcp",
          "sourcePortRange": "*",
          "destinationPortRange": "443",
          "sourceAddressPrefixes": [
            "40.75.97.37/32",
            "40.78.153.75/32",
            "40.122.145.129/32",
            "52.177.124.194/32",
            "65.52.56.146/32",
            "157.55.141.125/32"
          ],
          "destinationAddressPrefix": "*",
          "access": "Allow",
          "priority": 160,
          "direction": "Inbound"
        }
      },
      {
        "name": "Cloud_API_Manager_NonProd",
        "properties": {
           "description": "Connect from known Azure API Manager",
           "protocol": "Tcp",
           "sourcePortRange": "*",
           "destinationPortRange": "443",
           "sourceAddressPrefixes": [
             "20.10.12.58",
             "20.69.247.37"
          ],
          "destinationAddressPrefix": "*",
          "access": "Allow",
          "priority": 170,
          "direction": "Inbound"
        }
      },
      {
        "name": "Cloud_API_Manager_Prod",
        "properties": {
          "description": "Connect from known Azure API Manager",
          "protocol": "Tcp",
          "sourcePortRange": "*",
          "destinationPortRange": "443",
          "sourceAddressPrefixes": [
             "20.14.169.227",
             "20.230.78.63"
          ],
          "destinationAddressPrefix": "*",
           "access": "Allow",
           "priority": 180,
           "direction": "Inbound"
        }
      },
      {
        "name": "Allow_AppGateway_Internal",
        "properties": {
          "description": "Allowing Microsoft internal App Gateway communications",
          "protocol": "*",
          "sourcePortRange": "*",
          "sourceAddressPrefix": "*",
          "destinationPortRange": "65200-65535",
          "destinationAddressPrefix": "*",
          "access": "Allow",
          "priority": 2000,
          "direction": "Inbound"
        }
      },
      {
        "name": "Allow_Traffic_Manager",
        "properties": {
          "description": "Traffic Manager allowed via Service Tag over TCP only",
          "protocol": "Tcp",
          "sourcePortRange": "*",
          "destinationPortRange": "443",
          "sourceAddressPrefix": "AzureTrafficManager",
          "destinationAddressPrefix": "*",
          "access": "Allow",
          "priority": 2010,
          "direction": "Inbound"
        }
      },
      {
        "name": "Allow_AppInsights_Availability",
        "properties": {
          "description": "App Insights Availability allowed via Service Tag over TCP only",
          "protocol": "Tcp",
          "sourcePortRange": "*",
          "destinationPortRange": "443",
          "sourceAddressPrefix": "ApplicationInsightsAvailability",
          "destinationAddressPrefix": "*",
          "access": "Allow",
          "priority": 2020,
          "direction": "Inbound"
        }
      },
      {
        "name": "Intra_Subnet_Inbound",
        "properties": {
          "description": "Resources within subnet can communicate freely",
          "protocol": "*",
          "sourcePortRange": "*",
          "destinationPortRange": "*",
          "sourceAddressPrefix": "VirtualNetwork",
          "destinationAddressPrefix": "VirtualNetwork",
          "access": "Allow",
          "priority": 3980,
          "direction": "Inbound"
        }
      },
      {
        "name": "AllowAzureLB",
        "properties": {
          "description": "Permits load balancing above the deny-all rule",
          "protocol": "*",
          "sourcePortRange": "*",
          "destinationPortRange": "*",
          "sourceAddressPrefix": "AzureLoadBalancer",
          "destinationAddressPrefix": "*",
          "access": "Allow",
          "priority": 3990,
          "direction": "Inbound"
        }
      },
      {
        "name": "DenyAllRuleInbound",
        "properties": {
          "description": "Deny-all above permissive default rules - necessary traffic must be permitted above",
          "protocol": "*",
          "sourcePortRange": "*",
          "destinationPortRange": "*",
          "sourceAddressPrefix": "*",
          "destinationAddressPrefix": "*",
          "access": "Deny",
          "priority": 4000,
          "direction": "Inbound"
        }
      },
      {
        "name": "Internet_Subnet_Outbound",
        "properties": {
          "description": "Resources within subnet can communicate to the internet",
          "protocol": "*",
          "sourcePortRange": "*",
          "destinationPortRange": "*",
          "sourceAddressPrefix": "*",
          "destinationAddressPrefix": "Internet",
          "access": "Allow",
          "priority": 2000,
          "direction": "Outbound"
        }
      },
      {
        "name": "AllowmPKICRLCheckingOutbound",
        "properties": {
          "description": "Allow access outbound to cunacrl.managed.entrust.com on port 80 for CRL checking",
          "protocol": "*",
          "sourcePortRange": "*",
          "destinationPortRange": "80",
          "sourceAddressPrefix": "*",
          "destinationAddressPrefixes": [
            "104.67.28.131",
            "104.68.188.131",
            "104.76.92.131",
            "104.78.76.131",
            "104.81.246.131",
            "104.82.76.131",
            "104.83.76.131",
            "104.83.82.131",
            "104.83.92.131",
            "104.91.156.147",
            "104.94.102.131",
            "104.98.241.190",
            "114.108.189.128",
            "118.214.46.28",
            "118.215.58.9",
            "118.215.70.63",
            "118.215.86.183",
            "173.222.117.94",
            "173.222.141.21",
            "173.222.192.100",
            "173.222.224.81",
            "173.222.245.245",
            "173.223.228.81",
            "173.223.92.131",
            "184.25.78.63",
            "184.27.43.6",
            "184.29.126.183",
            "184.51.26.17",
            "184.51.68.217",
            "184.84.109.14",
            "184.84.45.50",
            "2.16.128.131",
            "2.16.30.131",
            "2.17.124.144",
            "2.18.142.149",
            "2.20.16.37",
            "2.21.194.152",
            "2.22.133.231",
            "2.22.220.131",
            "23.0.172.131",
            "23.0.230.131",
            "23.0.236.131",
            "23.0.29.125",
            "23.1.188.131",
            "23.10.12.131",
            "23.10.60.131",
            "23.12.236.131",
            "23.13.165.231",
            "23.13.44.131",
            "23.14.44.131",
            "23.15.104.180",
            "23.15.132.131",
            "23.15.204.81",
            "23.194.220.131",
            "23.195.0.129",
            "23.197.60.131",
            "23.198.104.131",
            "23.198.106.131",
            "23.204.100.131",
            "23.206.76.131",
            "23.207.151.159",
            "23.212.102.131",
            "23.214.72.131",
            "23.215.140.131",
            "23.221.20.131",
            "23.222.172.131",
            "23.223.76.131",
            "23.3.189.213",
            "23.3.247.209",
            "23.32.12.131",
            "23.34.230.70",
            "23.35.165.231",
            "23.35.52.102",
            "23.35.84.42",
            "23.37.133.231",
            "23.38.116.131",
            "23.38.19.8",
            "23.4.53.231",
            "23.40.12.131",
            "23.41.149.231",
            "23.41.69.231",
            "23.42.19.8",
            "23.42.76.131",
            "23.43.133.231",
            "23.44.245.220",
            "23.46.101.211",
            "23.46.2.131",
            "23.47.21.231",
            "23.47.229.231",
            "23.48.69.35",
            "23.49.116.42",
            "23.49.149.231",
            "23.5.124.131",
            "23.5.244.172",
            "23.50.204.14",
            "23.51.117.231",
            "23.51.12.131",
            "23.51.156.131",
            "23.51.228.121",
            "23.51.245.231",
            "23.51.37.231",
            "23.52.149.231",
            "23.52.85.231",
            "23.53.101.231",
            "23.53.181.231",
            "23.53.20.53",
            "23.54.101.231",
            "23.54.12.131",
            "23.54.181.231",
            "23.54.84.121",
            "23.55.149.231",
            "23.57.213.231",
            "23.57.228.121",
            "23.57.97.63",
            "23.58.108.107",
            "23.58.167.55",
            "23.58.29.124",
            "23.58.90.131",
            "23.59.131.8",
            "23.60.145.21",
            "23.61.173.43",
            "23.61.69.136",
            "23.62.247.106",
            "23.63.126.183",
            "23.63.150.131",
            "23.64.142.131",
            "23.64.159.242",
            "23.64.85.139",
            "23.65.133.231",
            "23.65.200.131",
            "23.65.216.131",
            "23.65.5.231",
            "23.66.152.131",
            "23.66.40.131",
            "23.7.69.211",
            "23.75.218.131",
            "23.9.116.31",
            "23.9.85.231",
            "69.192.125.81",
            "69.192.78.138",
            "72.246.48.131",
            "88.221.180.70",
            "88.221.30.110",
            "88.221.47.6",
            "88.221.62.197",
            "92.123.158.148",
            "92.123.206.203",
            "92.123.212.159",
            "95.100.244.81",
            "95.101.165.187",
            "96.17.254.39",
            "96.17.3.6",
            "96.17.38.180",
            "64.27.161.11",
            "64.27.161.15",
            "64.27.161.123",
            "64.27.161.173",
            "64.27.161.174",
            "216.117.57.66",
            "216.117.57.64",
            "216.117.57.128",
            "216.117.52.142"
          ],
          "access": "Allow",
          "priority": 3980,
          "direction": "Outbound"
        }
      },
      {
        "name": "Intra_Subnet_Outbound",
        "properties": {
          "description": "Resources within subnet can communicate freely",
          "protocol": "*",
          "sourcePortRange": "*",
          "destinationPortRange": "*",
          "sourceAddressPrefix": "VirtualNetwork",
          "destinationAddressPrefix": "VirtualNetwork",
          "access": "Allow",
          "priority": 3990,
          "direction": "Outbound"
        }
      }
    ],
    "DlxApiManagementRules": [
      {
        "name": "DLX_API_Management_NonProd_443",
        "properties": {
          "description": "Connect from known NonProd DLX APIM IP Addresses",
          "protocol": "Tcp",
          "sourcePortRange": "*",
          "destinationPortRange": "443",
          "sourceAddressPrefixes": [
            "20.186.37.25/32",
            "52.167.238.193/32",
            "52.167.159.89/32",
            "20.75.98.153/32"
          ],
          "destinationAddressPrefix": "*",
          "access": "Allow",
          "priority": 103,
          "direction": "Inbound"
        }
      },
      {
        "name": "DLX_API_Management_Prod_443",
        "properties": {
          "description": "Connect from known Prod DLX APIM IP Addresses",
          "protocol": "Tcp",
          "sourcePortRange": "*",
          "destinationPortRange": "443",
          "sourceAddressPrefixes": [
            "20.190.242.89/32",
            "40.65.226.7/32",
            "104.208.242.166/32"
          ],
          "destinationAddressPrefix": "*",
          "access": "Allow",
          "priority": 102,
          "direction": "Inbound"
        }
      }
    ],
    "EffectiveSecurityRules": "[if(parameters('ApplyDlxAPIMRules'),union(variables('DlxApiManagementRules'),variables('BaselineAksPublicNsgRules')),variables('BaselineAksPublicNsgRules'))]",
    "aggregatedTags": "[union(variables('resourceGroupTags'), variables('versionTag'), variables('createdDateTag'))]"
  },
  "resources": [
    {
      "apiVersion": "2020-11-01",
      "type": "Microsoft.Network/networkSecurityGroups",
      "name": "[parameters('nsgName')]",
      "tags": "[variables('aggregatedTags')]",
      "location": "[variables('nsgLocation')]",
      "properties": {
        "securityRules": "[variables('EffectiveSecurityRules')]"
      }
    }
  ]
}
