[
	{
		"userid": "sp-sqlencrypt-d",
		"permissions": [
			"select",
			"insert",
			"update",
			"delete",
			"execute"
		]
	},
	{
		"userid": "sp-NotExist-d",
		"permissions": [
			"select",
			"insert",
			"update",
			"delete",
			"execute"
		]
	},
	{
		"userid": "SA-SQLDBT17-T1-D@cmutual.com",
		"permissions": [
			"select",
			"insert",
			"update",
			"delete",
			"execute"
		]
	},
	{
		"userid": "r-teamtitan",
		"permissions": [
			"select",
			"insert",
			"update",
			"delete"
		],
		"dbRoles": "db_ddladmin"
	}
]