{
   "if": {
      "allOf": [
         {
            "field": "[concat('tags[', parameters('titanTagName'), ']')]",
            "contains": "[parameters('titanTagValue')]"
         },
         {
            "field": "type",
            "equals": "Microsoft.SQL/servers/firewallRules"
         },
         {
            "Not": {
               "allOf": [
                  {
                     "field": "Microsoft.Sql/servers/firewallRules/startIpAddress",
                     "equals": "[field('Microsoft.Sql/servers/firewallRules/endIpAddress')]"
                  },
                  {
                     "field": "Microsoft.Sql/servers/firewallRules/startIpAddress",
                     "in": [
                        "0.0.0.0",
                        "208.91.237.190",
                        "208.91.237.161",
                        "208.91.237.162",
                        "8.36.116.204",
                        "208.91.239.30",
                        "208.91.239.10",
                        "208.91.239.11"
                     ]
                  }
               ]
            }
         }
      ]
   },
   "then": {
      "effect": "[parameters('effect')]"
   }
}