{
    "titanTagValue": {
        "type": "string",
        "defaultValue": "atlas",
        "metadata": {
            "description": "Tag Value used to identify a resource as Titan provisioned."
        }
    },
    "titanTagName": {
        "type": "string",
        "defaultValue": "templateVersion",
        "metadata": {
            "description": "Tag Name used to identify a resource as Titan provisioned."
        }
    },
    "effect": {
        "type": "string",
        "defaultValue": "audit",
        "metadata": {
            "description": "Action to take. "
        }
    }
}