{
  "properties": {
    "displayName": "Not allowed resource types",
    "policyType": "BuiltIn",
    "description": "This policy enables you to specify the resource types that your organization cannot deploy.",
    "parameters": {
      "listOfResourceTypesNotAllowed": {
        "type": "Array",
        "metadata": {
          "description": "The list of resource types that cannot be deployed.",
          "displayName": "Not allowed resource types",
          "strongType": "resourceTypes"
        }
      }
    },
    "policyRule": {
      "if": {
        "field": "type",
        "in": "[parameters('listOfResourceTypesNotAllowed')]"
      },
      "then": {
        "effect": "Deny"
      }
    }
  },
  "id": "/providers/Microsoft.Authorization/policyDefinitions/6c112d4e-5bc7-47ae-a041-ea2d9dccd749",
  "type": "Microsoft.Authorization/policyDefinitions",
  "name": "6c112d4e-5bc7-47ae-a041-ea2d9dccd749"
}