{
    "if": {
        "allOf": [
            {
                "field": "type",
                "equals": "Microsoft.Network/networkSecurityGroups/securityRules"
            },
            {
                "allOf": [
                    {
                        "field": "Microsoft.Network/networkSecurityGroups/securityRules/access",
                        "equals": "Allow"
                    },
                    {
                        "field": "Microsoft.Network/networkSecurityGroups/securityRules/direction",
                        "equals": "Inbound"
                    },
                    {
                        "anyOf": [
                            {
                                "field": "Microsoft.Network/networkSecurityGroups/securityRules/destinationPortRange",
                                "equals": "22"
                            },
                            {
                                "field": "Microsoft.Network/networkSecurityGroups/securityRules/destinationPortRange",
                                "equals": "3389"
                            }
                        ]
                    },
                    {
                        "anyOf": [
                            {
                                "field": "Microsoft.Network/networkSecurityGroups/securityRules/sourceAddressPrefix",
                                "in": [
                                    "*",
                                    "Internet"
                                ]
                            },
                            {
                                "not": {
                                    "field": "Microsoft.Network/networkSecurityGroups/securityRules/sourceAddressPrefixes[*]",
                                    "notIn": [
                                        "*",
                                        "Internet"
                                    ]
                                }
                            }
                        ]
                    }
                ]
            }
        ]
    },
    "then": {
        "effect": "[parameters('effect')]"
    }
}