{
   "if": {
      "allOf": [
         {
            "field": "[concat('tags[', parameters('titanTagName'), ']')]",
            "contains": "[parameters('titanTagValue')]"
         },
         {
            "field": "type",
            "equals": "Microsoft.Sql/servers/databases"
         },
         {
            "field": "name",
            "notEquals": "master"
         }
      ]
   },
   "then": {
      "effect": "AuditIfNotExists",
      "details": {
         "type": "Microsoft.Sql/servers/databases/transparentDataEncryption",
         "name": "current",
         "existenceCondition": {
            "allOf": [
               {
                  "field": "Microsoft.Sql/transparentDataEncryption.status",
                  "equals": "enabled"
               }
            ]
         }
      }
   }
}