{
	"listOfResourceTypesNotAllowed": {
		"type": "Array",
		"defaultValue": [
			"Microsoft.ContainerService/managedClusters",
			"Microsoft.ContainerRegistry/registries"
		],
		"metadata": {
			"description": "The list of resource types that cannot be deployed.",
			"displayName": "Not allowed resource types",
			"strongType": "resourceTypes"
		}
	},
	"tagName": {
		"type": "String",
		"defaultValue": "templateVersion",
		"metadata": {
			"description": "Name of the tag, such as templateVersion"
		}
	},
	"tagValue": {
		"type": "String",
		"defaultValue": "atlas",
		"metadata": {
			"description": "Value of the tag, atlas"
		}
	},
	"effect": {
		"type": "String",
		"defaultValue": "deny",
		"metadata": {
			"description": "Value of the effect, audit or deny"
		}
	}
}