{
  "properties": {
    "displayName": "Require SQL Server version 12.0",
    "policyType": "BuiltIn",
    "description": "This policy ensures all SQL servers use version 12.0.",
    "parameters": {},
    "policyRule": {
      "if": {
        "allOf": [
          {
            "field": "type",
            "equals": "Microsoft.SQL/servers"
          },
          {
            "not": {
              "field": "Microsoft.SQL/servers/version",
              "equals": "12.0"
            }
          }
        ]
      },
      "then": {
        "effect": "Deny"
      }
    }
  },
  "id": "/providers/Microsoft.Authorization/policyDefinitions/464dbb85-3d5f-4a1d-bb09-95a9b5dd19cf",
  "type": "Microsoft.Authorization/policyDefinitions",
  "name": "464dbb85-3d5f-4a1d-bb09-95a9b5dd19cf"
}