{
  "$schema": "https://schema.management.azure.com/schemas/2019-04-01/deploymentTemplate.json#",
  "contentVersion": "1.0.0.0",
  "parameters": {
    "clusterName": {
      "type": "string",
      "defaultValue": "",
      "metadata": {
        "description": "The name of the Managed Cluster resource."
      }
    },
    "appInsightsLocation": {
      "type": "string",
      "defaultValue": "eastus2",
      "metadata": {
        "description": "The location of the App Insights resource."
      }
    },
    "clusterLocation": {
      "type": "string",
      "defaultValue": "eastus2",
      "metadata": {
        "description": "The location of the Managed Cluster resource."
      }
    },
    "kubernetesVersion": {
      "defaultValue": "1.12.6",
      "type": "string",
      "metadata": {
        "description": "The version of Kubernetes."
      }
    },
    "enableOmsAgent": {
      "defaultValue": true,
      "type": "bool",
      "metadata": {
        "description": "boolean flag to turn on and off of omsagent addon"
      }
    },
    "enableRBAC": {
      "defaultValue": true,
      "type": "bool",
      "metadata": {
        "description": "boolean flag to turn on and off of RBAC"
      }
    },
    "adminGroupObjectId": {
      "type": "string"
    },
    "omsWorkspaceRGName": {
      "type": "string",
      "defaultValue": "",
      "metadata": {
        "description": "Name of the Resource Group that contains OMS Workspace."
      }
    },
    "omsWorkspaceName": {
      "type": "string",
      "defaultValue": "",
      "metadata": {
        "description": "Name of the OMS Workspace."
      }
    },
    "tenantID": {
      "type": "string",
      "defaultValue": "a00452fd-8469-409e-91a8-bb7a008e2da0",
      "metadata": {
        "description": "The value of the tenant used for AAD authentication. This defaults to the CMFG tenant, but can be modified if another tenant is in use. If in doubt, do not modify."
      }
    },
    "skuTier": {
      "type": "string"
    },
    "createdDate": {
      "type": "string",
      "defaultValue": "00/00/0000"
    },
    "TemplateVersion": {
      "type": "string",
      "defaultValue": "Titan-Atlas"
    },
    "authorizedIPRange": {
      "type": "string",
      "defaultValue": ""
    }
  },
  "variables": {
    "subscriptionId": "[subscription().subscriptionId]",
    "clusterLocation": "[toLower(replace(if(empty(parameters('clusterLocation')), resourceGroup().location, parameters('clusterLocation')), ' ', ''))]",
    "dnsPrefix": "[concat(parameters('clusterName'),'-',uniqueString(resourceGroup().id))]",
    "omsWorkspaceId": "[toLower(concat(resourceId(variables('subscriptionId'), parameters('omsWorkspaceRGName'), 'microsoft.operationalinsights/workspaces', parameters('omsWorkspaceName'))))]",
    "resourceGroupTags": "[if(contains(resourceGroup(), 'tags'), resourceGroup().tags, json('{}'))]",
    "versionTag": {
      "TemplateVersion": "[parameters('TemplateVersion')]"
    },
    "createdDateTag": {
      "createdOn": "[parameters('createdDate')]"
    },
    "aggregatedTags": "[union(variables('resourceGroupTags'), variables('versionTag'), variables('createdDateTag'))]",
    "appInsightsTag": {
      "[concat('hidden-link:', resourceGroup().id, '/providers/Microsoft.ContainerService/managedClusters/', parameters('clusterName'))]": "Resource"
    },
    "appInsightsTags": "[union(variables('aggregatedTags'),variables('appInsightsTag'))]",
    "authorizedIPRanges": "[split(replace(parameters('authorizedIPRange'),' ',','),',')]"
  },
  "resources": [
    {
      "type": "Microsoft.Insights/components",
      "name": "[parameters('clusterName')]",
      "apiVersion": "2020-02-02",
      "location": "[parameters('appInsightsLocation')]",
      "tags": "[variables('appInsightsTags')]",
      "properties": {
        "applicationId": "[parameters('clusterName')]",
        "application_Type":"web",
        "Request_Source": "AzureTfsExtensionAzureProject"
      }
    },
    {
      "apiVersion": "2022-07-01",
      "type": "Microsoft.ContainerService/managedClusters",
      "location": "[variables('clusterLocation')]",
      "name": "[parameters('clusterName')]",
      "tags": "[variables('aggregatedTags')]",
      "dependsOn": [],
      "sku": {
        "name": "Basic",
        "tier": "[parameters('skuTier')]"
      },
      "identity": {
        "type": "SystemAssigned"
      },
      "properties": {
        "dnsPrefix": "[variables('dnsPrefix')]",
        "kubernetesVersion": "[parameters('kubernetesVersion')]",
        "enableRBAC": "[parameters('enableRBAC')]",
        "aadProfile": {
          "managed": true,
          "tenantId": "[parameters('tenantID')]",
          "adminGroupObjectIDs": [
            "[parameters('adminGroupObjectId')]"
          ]
        },
        "servicePrincipalProfile": {
          "clientId": "msi"
        },
        "addonProfiles": {
          "omsagent": {
            "enabled": "[parameters('enableOmsAgent')]",
            "config": {
              "logAnalyticsWorkspaceResourceID": "[variables('omsWorkspaceId')]"
            }
          }
        },
        "agentPoolProfiles": [
          __agentPoolProfile__
        ],
        "networkProfile": {
          "networkPlugin": "kubenet",
          "networkPolicy": "calico",
          "loadBalancerSku": "Standard",
          "serviceCidr": "172.20.0.0/16",
          "dnsServiceIP": "172.20.0.10",
          "dockerBridgeCidr": "172.17.0.1/16"
        },
        "apiServerAccessProfile": {
          "authorizedIPRanges": "[variables('authorizedIPRanges')]"
        }
      }
    }
  ],
  "outputs": {
    "clusterName": {
      "type": "string",
      "value": "[parameters('clusterName')]"
    },
    "dnsPrefix": {
      "type": "string",
      "value": "[variables('dnsPrefix')]"
    },
    "appInsightsLocation": {
      "type": "string",
      "value": "[parameters('appInsightsLocation')]"
    },
    "clusterLocation": {
      "type": "string",
      "value": "[parameters('clusterLocation')]"
    },
    "subscriptionId": {
      "type": "string",
      "value": "[variables('subscriptionId')]"
    },
    "kubernetesVersion": {
      "type": "string",
      "value": "[parameters('kubernetesVersion')]"
    },
    "enableOmsAgent": {
      "type": "bool",
      "value": "[parameters('enableOmsAgent')]"
    },
    "enableRBAC": {
      "type": "bool",
      "value": "[parameters('enableRBAC')]"
    },
    "omsWorkspaceRGName": {
      "type": "string",
      "value": "[parameters('omsWorkspaceRGName')]"
    },
    "omsWorkspaceName": {
      "type": "string",
      "value": "[parameters('omsWorkspaceName')]"
    },
    "omsWorkspaceId": {
      "type": "string",
      "value": "[variables('omsWorkspaceId')]"
    },
    "controlPlaneFQDN": {
      "type": "string",
      "value": "[reference(concat('Microsoft.ContainerService/managedClusters/', parameters('clusterName'))).fqdn]"
    },
    "aiKey": {
      "value": "[reference(concat('Microsoft.Insights/components/', parameters('clusterName'))).InstrumentationKey]",
      "type": "string"
    }
  }
}