{
   "if": {
      "field": "type",
      "equals": "Microsoft.Network/virtualNetworks"
   },
   "then": {
      "effect": "deployIfNotExists",
      "details": {
         "type": "Microsoft.Network/networkWatchers",
         "resourceGroupName": "networkWatcherRG",
         "existenceCondition": {
            "field": "location",
            "equals": "[field('location')]"
         },
         "roleDefinitionIds": [
            "/providers/Microsoft.Authorization/roleDefinitions/4d97b98b-1d4f-4787-a291-c67834d212e7"
         ],
         "deployment": {
            "properties": {
               "mode": "incremental",
               "template": {
                  "$schema": "https://schema.management.azure.com/schemas/2019-04-01/deploymentTemplate.json#",
                  "contentVersion": "1.0.0.0",
                  "parameters": {
                     "location": {
                        "type": "string"
                     }
                  },
                  "resources": [
                     {
                        "apiVersion": "2016-09-01",
                        "type": "Microsoft.Network/networkWatchers",
                        "name": "[concat('networkWacher_', parameters('location'))]",
                        "location": "[parameters('location')]"
                     }
                  ]
               },
               "parameters": {
                  "location": {
                     "value": "[parameters('location')]"
                  }
               }
            }
         }
      }
   }
}