{
   "$schema": "https://schema.management.azure.com/schemas/2019-04-01/deploymentTemplate.json#",
   "contentVersion": "1.0.0.0",
   "parameters": {
      "gatewayName": {
         "type": "string",
         "defaultValue": "",
         "metadata": {
            "description": "Name of the Application Gateway resource."
         }
      },
      "gatewayLocation": {
         "type": "string",
         "defaultValue": "eastus2",
         "metadata": {
            "description": "Azure region where the Application Gateway resource is located."
         }
      },
      "idleTimeout": {
         "type": "int",
         "defaultValue": 4,
         "metadata": {
            "description": "IP address idle timeout in minutes."
         }
      },
      "domainNameLabel": {
         "type": "string",
         "defaultValue": "",
         "metadata": {
            "description": "Name of the DNS Settings Domain Label."
         }
      },
      "createdDate": {
         "type": "string",
         "defaultValue": "00/00/0000"
      },
      "TemplateVersion": {
         "type": "string",
         "defaultValue": "Titan-Atlas"
      }
   },
   "variables": {
      "subscriptionId": "[subscription().subscriptionId]",
      "uniqueDNSLabel": "[concat(parameters('domainNameLabel'), '-', uniqueString(resourceGroup().id))]",
      "gatewayLocation": "[toLower(replace(if(empty(parameters('gatewayLocation')), resourceGroup().location, parameters('gatewayLocation')), ' ', ''))]",
      "publicIpAddressName": "[concat(parameters('gatewayName'),'-IP')]",
      "publicIPRef": "[resourceId('Microsoft.Network/publicIPAddresses/', variables('publicIpAddressName'))]",
      "locationLabel": "[toLower(replace(parameters('gatewayLocation'), ' ', ''))]",
      "fullyQualifiedDomainName": "[concat(variables('uniqueDNSLabel'),'.', variables('locationLabel'), '.cloudapp.azure.com')]",
      "resourceGroupTags": "[if(contains(resourceGroup(), 'tags'), resourceGroup().tags, json('{}'))]",
      "versionTag": {
         "TemplateVersion": "[parameters('TemplateVersion')]"
      },
      "createdDateTag": {
         "createdOn": "[parameters('createdDate')]"
      },
      "aggregatedTags": "[union(variables('resourceGroupTags'), variables('versionTag'), variables('createdDateTag'))]"
   },
   "resources": [
      {
         "apiVersion": "2018-08-01",
         "type": "Microsoft.Network/publicIPAddresses",
         "name": "[variables('publicIpAddressName')]",
         "location": "[variables('gatewayLocation')]",
         "tags": "[variables('aggregatedTags')]",
         "sku": {
            "name": "Standard"
         },
         "properties": {
            "publicIPAllocationMethod": "Static",
            "idleTimeoutInMinutes": "[parameters('idleTimeout')]",
            "dnsSettings": {
               "domainNameLabel": "[variables('uniqueDNSLabel')]",
               "fqdn": "[variables('fullyQualifiedDomainName')]"
            }
         }
      },
      {
         "name": "[parameters('gatewayName')]",
         "type": "Microsoft.Network/applicationGateways",
         "apiVersion": "2018-12-01",
         "tags": "[variables('aggregatedTags')]",
         "location": "[variables('gatewayLocation')]",
         "dependsOn": [
            "[variables('publicIPRef')]"
         ],
         "properties": "__PROPERTIES__"
      }
   ],
   "outputs": {
      "gatewayName": {
         "type": "string",
         "value": "[parameters('gatewayName')]"
      },
      "gatewayLocation": {
         "type": "string",
         "value": "[parameters('gatewayLocation')]"
      },
      "domainNameLabel": {
         "type": "string",
         "value": "[parameters('domainNameLabel')]"
      }
   }
}