{
    "sku": {
        "name": "Waf_v2",
        "tier": "Waf_v2"
    },
    "gatewayIPConfigurations": [
        {
            "name": "appGatewayIpConfig",
            "properties": {
                "subnet": {
                    "id": "/subscriptions/__SUBSCRIPTION__/resourceGroups/__VNET_RG_NAME__/providers/Microsoft.Network/virtualNetworks/__VNET_NAME__/subnets/__SUBNET_NAME__"
                }
            }
        }
    ],
    "sslCertificates": [
        {
            "name": "__SSL_CERT_NAME__",
            "properties": {
                "data": "____SSL_CERT_NAME___CERT_DATA__",
                "password": "____SSL_CERT_NAME___CERT_PASSWORD__"
            }
        }
    ],
    "frontendIPConfigurations": [
        {
            "name": "appGatewayFrontendIP",
            "properties": {
                "publicIPAddress": {
                    "id": "/subscriptions/__SUBSCRIPTION__/resourceGroups/__AG_WAF_RG_NAME__/providers/Microsoft.Network/publicIPAddresses/__AG_WAF_NAME__-IP"
                }
            }
        }
    ],
    "frontendPorts": [
        {
            "name": "appGatewayFrontendPort80",
            "properties": {
                "port": 80
            }
        },
        {
            "name": "appGatewayFrontendPort443",
            "properties": {
                "port": 443
            }
        }
    ],
    "backendAddressPools": [
        {
            "name": "__APP_NAME__-backend-pool",
            "properties": {
                "backendAddresses": [
                    {
                        "fqdn": "__APP_NAME__.azurewebsites.net"
                    }
                ]
            }
        }
    ],
    "probes": [
        {
            "name": "__APP_NAME__-https-probe",
            "properties": {
                "protocol": "Https",
                "path": "/",
                "interval": 120,
                "timeout": 30,
                "unhealthyThreshold": 3,
                "pickHostNameFromBackendHttpSettings": true,
                "minServers": 0,
                "match": {
                    "statusCodes": [
                        "200-399",
                        "404"
                    ]
                }
            }
        }
    ],
    "httpListeners": [
        {
            "name": "__HOST_NAME__-http-listener",
            "properties": {
                "frontendIPConfiguration": {
                    "id": "/subscriptions/__SUBSCRIPTION__/resourceGroups/__AG_WAF_RG_NAME__/providers/Microsoft.Network/applicationGateways/__AG_WAF_NAME__/frontendIPConfigurations/appGatewayFrontendIP"
                },
                "frontendPort": {
                    "id": "/subscriptions/__SUBSCRIPTION__/resourceGroups/__AG_WAF_RG_NAME__/providers/Microsoft.Network/applicationGateways/__AG_WAF_NAME__/frontendPorts/appGatewayFrontendPort80"
                },
                "protocol": "Http",
                "hostName": "__HOST_NAME__",
                "requireServerNameIndication": false
            }
        },
        {
            "name": "__HOST_NAME__-https-listener",
            "properties": {
                "frontendIPConfiguration": {
                    "id": "/subscriptions/__SUBSCRIPTION__/resourceGroups/__AG_WAF_RG_NAME__/providers/Microsoft.Network/applicationGateways/__AG_WAF_NAME__/frontendIPConfigurations/appGatewayFrontendIP"
                },
                "frontendPort": {
                    "id": "/subscriptions/__SUBSCRIPTION__/resourceGroups/__AG_WAF_RG_NAME__/providers/Microsoft.Network/applicationGateways/__AG_WAF_NAME__/frontendPorts/appGatewayFrontendPort443"
                },
                "protocol": "Https",
                "hostName": "__HOST_NAME__",
                "requireServerNameIndication": true,
                "sslCertificate": {
                    "id": "/subscriptions/__SUBSCRIPTION__/resourceGroups/__AG_WAF_RG_NAME__/providers/Microsoft.Network/applicationGateways/__AG_WAF_NAME__/sslCertificates/__SSL_CERT_NAME__"
                }
            }
        }
    ],
    "backendHttpSettingsCollection": [
        {
            "name": "__APP_NAME__-https-settings",
            "properties": {
                "port": 443,
                "protocol": "Https",
                "cookieBasedAffinity": "Disabled",
                "pickHostNameFromBackendAddress": true,
                "path": "/",
                "requestTimeout": 20,
                "probe": {
                    "id": "/subscriptions/__SUBSCRIPTION__/resourceGroups/__AG_WAF_RG_NAME__/providers/Microsoft.Network/applicationGateways/__AG_WAF_NAME__/probes/__APP_NAME__-https-probe"
                }
            }
        }
    ],
    "requestRoutingRules": [
        {
            "name": "__HOST_NAME__-https-rule",
            "properties": {
                "ruleType": "PathBasedRouting",
                "httpListener": {
                    "id": "/subscriptions/__SUBSCRIPTION__/resourceGroups/__AG_WAF_RG_NAME__/providers/Microsoft.Network/applicationGateways/__AG_WAF_NAME__/httpListeners/__HOST_NAME__-https-listener"
                },
                "urlPathMap": {
                    "id": "/subscriptions/__SUBSCRIPTION__/resourceGroups/__AG_WAF_RG_NAME__/providers/Microsoft.Network/applicationGateways/__AG_WAF_NAME__/urlPathMaps/__HOST_NAME__-https-rule"
                }
            }
        },
        {
            "name": "__HOST_NAME__-httptohttps-rule",
            "properties": {
                "ruleType": "Basic",
                "httpListener": {
                    "id": "/subscriptions/__SUBSCRIPTION__/resourceGroups/__AG_WAF_RG_NAME__/providers/Microsoft.Network/applicationGateways/__AG_WAF_NAME__/httpListeners/__HOST_NAME__-http-listener"
                },
                "redirectConfiguration": {
                    "id": "/subscriptions/__SUBSCRIPTION__/resourceGroups/__AG_WAF_RG_NAME__/providers/Microsoft.Network/applicationGateways/__AG_WAF_NAME__/redirectConfigurations/__HOST_NAME__-httptohttps-rule"
                }
            }
        }
    ],
    "urlPathMaps": [
        {
            "name": "__HOST_NAME__-https-rule",
            "properties": {
                "defaultBackendAddressPool": {
                    "id": "/subscriptions/__SUBSCRIPTION__/resourceGroups/__AG_WAF_RG_NAME__/providers/Microsoft.Network/applicationGateways/__AG_WAF_NAME__/backendAddressPools/__APP_NAME__-backend-pool"
                },
                "defaultBackendHttpSettings": {
                    "id": "/subscriptions/__SUBSCRIPTION__/resourceGroups/__AG_WAF_RG_NAME__/providers/Microsoft.Network/applicationGateways/__AG_WAF_NAME__/backendHttpSettingsCollection/__APP_NAME__-https-settings"
                },
                "pathRules": [
                    {
                        "name": "root",
                        "properties": {
                            "paths": [
                                "/*"
                            ],
                            "backendAddressPool": {
                                "id": "/subscriptions/__SUBSCRIPTION__/resourceGroups/__AG_WAF_RG_NAME__/providers/Microsoft.Network/applicationGateways/__AG_WAF_NAME__/backendAddressPools/__APP_NAME__-backend-pool"
                            },
                            "backendHttpSettings": {
                                "id": "/subscriptions/__SUBSCRIPTION__/resourceGroups/__AG_WAF_RG_NAME__/providers/Microsoft.Network/applicationGateways/__AG_WAF_NAME__/backendHttpSettingsCollection/__APP_NAME__-https-settings"
                            }
                        }
                    }
                ]
            }
        }
    ],
    "redirectConfigurations": [
        {
            "name": "__HOST_NAME__-httptohttps-rule",
            "properties": {
                "redirectType": "Temporary",
                "targetListener": {
                    "id": "/subscriptions/__SUBSCRIPTION__/resourceGroups/__AG_WAF_RG_NAME__/providers/Microsoft.Network/applicationGateways/__AG_WAF_NAME__/httpListeners/__HOST_NAME__-https-listener"
                },
                "includePath": true,
                "includeQueryString": true,
                "requestRoutingRules": [
                    {
                        "id": "/subscriptions/__SUBSCRIPTION__/resourceGroups/__AG_WAF_RG_NAME__/providers/Microsoft.Network/applicationGateways/__AG_WAF_NAME__/requestRoutingRules/__HOST_NAME__-httptohttps-rule"
                    }
                ]
            }
        }
    ],
    "sslPolicy": {
        "policyType": "Predefined",
        "policyName": "AppGwSslPolicy20170401S"
    },
    "enableHttp2": true,
    "webApplicationFirewallConfiguration": {
        "enabled": true,
        "firewallMode": "Prevention",
        "ruleSetType": "OWASP",
        "ruleSetVersion": "3.0",
        "requestBodyCheck": false,
        "maxRequestBodySizeInKb": 128,
        "fileUploadLimitInMb": 100
    },
    "autoscaleConfiguration": {
        "minCapacity": 0,
        "maxCapacity": 20
    }
}