{
  "$schema": "https://schema.management.azure.com/schemas/2019-04-01/deploymentParameters.json#",
  "contentVersion": "1.0.0.0",
  "parameters": {
    "frontendCertData0": {
      "reference": {
        "keyVault": {
          "id": "/subscriptions/4ecbab23-0d34-4fd1-88a2-ca4f5f4121fe/resourcegroups/rg-cmfg-ea2-np1-atlas-shared-resources/providers/microsoft.keyvault/vaults/kv-atlas-sandbox-np"
        },
        "secretName": "wildcard-atlasbeta-cunamutual-cert-secret"
      }
    },
    "frontendCertPassword0": {
      "reference": {
        "keyVault": {
          "id": "/subscriptions/4ecbab23-0d34-4fd1-88a2-ca4f5f4121fe/resourcegroups/rg-cmfg-ea2-np1-atlas-shared-resources/providers/microsoft.keyvault/vaults/kv-atlas-sandbox-np"
        },
        "secretName": "wildcard-atlasbeta-cunamutual-cert-password"
      }
    }
  }
}