{
  "$schema": "https://schema.management.azure.com/schemas/2019-04-01/deploymentTemplate.json#",
  "contentVersion": "1.0.0.0",
  "parameters": {
    "clusterName": {
      "type": "string",
      "defaultValue": "",
      "metadata": {
        "description": "The name of the Managed Cluster resource."
      }
    },
    "clusterLocation": {
      "type": "string",
      "defaultValue": "eastus2",
      "metadata": {
        "description": "The location of the Managed Cluster resource."
      }
    },
    "NodePoolName": {
      "type": "string",
      "defaultValue": "",
      "metadata": {
        "description": "The name of the Node Pool."
      }
    },
    "NodePoolMode": {
      "type": "string",
      "defaultValue": "User",
      "metadata": {
        "description": "The mode of the Node Pool. Either User or System."
      }
    },
    "maxPods": {
      "type": "int",
      "defaultValue": 110,
      "metadata": {
        "description": "Maximum number of pods that can run on a node."
      }
    },
    "kubernetesVersion": {
      "defaultValue": "1.18.8",
      "type": "string",
      "metadata": {
        "description": "The version of Kubernetes for the node pool."
      }
    },
    "agentCount": {
      "type": "int",
      "defaultValue": 1,
      "metadata": {
        "description": "The number of nodes in the node pool."
      },
      "minValue": 1,
      "maxValue": 50
    },
    "agentVMSize": {
      "type": "string",
      "defaultValue": "Standard_D4as_v4",
      "metadata": {
        "description": "The size of the Virtual Machine."
      }
    },
    "osDiskSizeGB": {
      "type": "int",
      "defaultValue": 0,
      "metadata": {
        "description": "Disk size (in GB) to provisioned for each of the agent pool nodes. This value ranges from 0 to 1023. Specifying 0 will apply the default disk size for that agentVMSize."
      },
      "minValue": 0,
      "maxValue": 1024
    },
    "enableAutoScaling": {
      "defaultValue": false,
      "type": "bool",
      "metadata": {
        "description": "Enable Auto Scaling on the node pool"
      }
    },
    "AutoScalingMaxCount": {
      "type": "int",
      "defaultValue": 5,
      "metadata": {
        "description": "Max number of nodes to scale to."
      },
      "minValue": 1,
      "maxValue": 75
    },
    "AutoScalingMinCount": {
      "type": "int",
      "defaultValue": 1,
      "metadata": {
        "description": "Min number of nodes to scale to"
      },
      "minValue": 1,
      "maxValue": 75
    }
  },
  "variables": {
    "clusterLocation": "[toLower(replace(if(empty(parameters('clusterLocation')), resourceGroup().location, parameters('clusterLocation')), ' ', ''))]"
  },
  "resources": [
    {
      "apiVersion": "2020-09-01",
      "type": "Microsoft.ContainerService/managedClusters",
      "location": "[variables('clusterLocation')]",
      "name": "[parameters('clusterName')]",
      "resources": [
        {
          "type": "agentPools",
          "dependsOn": [
            "[concat('Microsoft.ContainerService/ManagedClusters/', parameters('clusterName'))]"
          ],
          "apiVersion": "2020-09-01",
          "name": "[parameters('NodePoolName')]",
          "properties": {
            "count": "[parameters('agentCount')]",
            "vmSize": "[parameters('agentVMSize')]",
            "osDiskSizeGB": "[parameters('osDiskSizeGB')]",
            "osDiskType": "Managed",
            "osType": "Linux",
            "type": "VirtualMachineScaleSets",
            "enableAutoScaling": "[parameters('enableAutoScaling')]",
            "maxCount": "[if(parameters('enableAutoScaling'), parameters('AutoScalingMaxCount'), json('null'))]",
            "minCount": "[if(parameters('enableAutoScaling'), parameters('AutoScalingMinCount'), json('null'))]",
            "maxPods": "[parameters('maxPods')]",
            "mode": "[parameters('NodePoolMode')]",
            "orchestratorVersion": "[parameters('kubernetesVersion')]",
            "storageProfile": "ManagedDisks",
            "nodeLabels": {},
            "enableNodePublicIP": null
          }
        }
      ]
    }
  ]
}