{
   "if": {
      "allOf": [
         {
            "field": "[concat('tags[', parameters('titanTagName'), ']')]",
            "contains": "[parameters('titanTagValue')]"
         },
         {
            "field": "type",
            "equals": "Microsoft.Sql/servers/firewallRules"
         },
         {
            "field": "Microsoft.Sql/servers/firewallRules/startIpAddress",
            "equals": "0.0.0.0"
         },
         {
            "field": "Microsoft.Sql/servers/firewallRules/endIpAddress",
            "equals": "0.0.0.0"
         }
      ]
   },
   "then": {
      "effect": "[parameters('effect')]"
   }
}