{
    "$schema": "https://schema.management.azure.com/schemas/2019-04-01/deploymentTemplate.json#",
    "contentVersion": "1.0.0.0",
    "parameters": {
        "appInsightsName": {
            "type": "string",
            "minLength": 5,
            "maxLength": 40,
            "defaultValue": "",
            "metadata": {
                "description": "Name of the App Insights resource."
            }
        },
        "location": {
            "type": "string",
            "defaultValue": "eastus2",
            "metadata": {
                "description": "Location for this resource."
            }
        },
        "createdDate": {
            "type": "string",
            "metadata": {
                "description": "Date this resource was created."
            }
        },
        "TemplateVersion": {
            "type": "string",
            "metadata": {
                "description": "Name of the Atlas template version."
            }
        }
    },
    "variables": {
        "location": "[toLower(replace(if(empty(parameters('location')), resourceGroup().location, parameters('location')), ' ', ''))]",
        "resourceGroupTags": "[if(contains(resourceGroup(), 'tags'), resourceGroup().tags, json('{}'))]",
        "versionTag": {
          "TemplateVersion": "[parameters('TemplateVersion')]"
        },      
        "createdDateTag": {
          "createdOn": "[parameters('createdDate')]"
        }, 
        "purposeTag": {
          "AtlasPurpose": "Atlas-AppInsights-Generic"
        },       
        "aggregatedTags": "[union(variables('resourceGroupTags'), variables('versionTag'), variables('createdDateTag'), variables('purposeTag'))]"
    },
    "resources": [
        {
            "name": "[parameters('appInsightsName')]",
            "type": "Microsoft.Insights/components",
            "location": "[variables('location')]",
            "apiVersion": "2020-02-02",
            "dependsOn": [],
            "tags": "[variables('aggregatedTags')]",
            "properties": {
                "Request_Source": "IbizaWebAppExtensionCreate"
            }
        }
    ],
    "outputs": {
        "appInsightsName": {
            "type": "string",
            "value": "[parameters('appInsightsName')]"
        },
        "location": {
            "type": "string",
            "value": "[variables('location')]"
        },
        "appInsightsKey": {
            "type": "string",
            "value": "[reference(parameters('appInsightsName'), '2014-04-01').InstrumentationKey]"
        }
    }
}
