{
  "properties": {
    "displayName": "Allowed storage account SKUs",
    "policyType": "BuiltIn",
    "description": "This policy enables you to specify a set of storage account SKUs that your organization can deploy.",
    "parameters": {
      "listOfAllowedSKUs": {
        "type": "Array",
        "metadata": {
          "description": "The list of SKUs that can be specified for storage accounts.",
          "displayName": "Allowed SKUs",
          "strongType": "StorageSKUs"
        }
      }
    },
    "policyRule": {
      "if": {
        "allOf": [
          {
            "field": "type",
            "equals": "Microsoft.Storage/storageAccounts"
          },
          {
            "not": {
              "field": "Microsoft.Storage/storageAccounts/sku.name",
              "in": "[parameters('listOfAllowedSKUs')]"
            }
          }
        ]
      },
      "then": {
        "effect": "Deny"
      }
    }
  },
  "id": "/providers/Microsoft.Authorization/policyDefinitions/7433c107-6db4-4ad1-b57a-a76dce0154a1",
  "type": "Microsoft.Authorization/policyDefinitions",
  "name": "7433c107-6db4-4ad1-b57a-a76dce0154a1"
}