{
    "$schema": "https://schema.management.azure.com/schemas/2019-04-01/deploymentTemplate.json#",
    "contentVersion": "1.0.0.0",
    "parameters": {
        "eventSubName": {
            "type": "string",
            "defaultValue": "subToResources",
            "metadata": {
                "description": "The name of the event subscription to create."
            }
        },
        "endpoint": {
            "type": "securestring",
            "metadata": {
                "description": "The URL for the WebHook to receive events. Create your own endpoint for events."
            }
        },
        "advancedFilterSubject": {
            "type": "string",
            "defaultValue": [
                "subject"
            ],
            "metadata": {
                "description": "filter subject"
            }
        },
        "advancedFilterValues": {
            "type": "array",
            "defaultValue": [
                "Microsoft.Web/sites"
            ],
            "metadata": {
                "description": "Array of values to filter message delivery"
            }
        },
        "ExcludeStringContainsFilterValues": {
            "type": "array",
            "defaultValue": [
                "resourceGroups/databricks-rg-"
            ],
            "metadata": {
                "description": "Array of strings to exclude"
            }
        },
        "ExcludeStringEndsWithFilterValues": {
            "type": "array",
            "defaultValue": [
                "/administrators/activeDirectory"
            ],
            "metadata": {
                "description": "Array of strings to exclude"
            }
        },
        "includedEventTypes": {
            "type": "array",
            "defaultValue": [
                "Microsoft.Resources.ResourceWriteSuccess"
            ],
            "metadata": {
                "description": "Array of event type values to filter message delivery"
            }
        }
    },
    "resources": [
        {
            "type": "Microsoft.EventGrid/eventSubscriptions",
            "name": "[parameters('eventSubName')]",
            "apiVersion": "2021-12-01",
            "properties": {
                "destination": {
                    "endpointType": "WebHook",
                    "properties": {
                        "endpointUrl": "[parameters('endpoint')]"
                    }
                },
                "filter": {
                    "advancedFilters": [
                        {
                            "OperatorType": "StringContains",
                            "Key": "[parameters('advancedFilterSubject')]",
                            "Values": "[parameters('advancedFilterValues')]"
                        },
                        {
                            "OperatorType": "StringNotContains",
                            "Key": "[parameters('AdvancedFilterSubject')]",
                            "Values": "[parameters('ExcludeStringContainsFilterValues')]"
                        },
                        {
                            "operatorType": "StringNotEndsWith",
                            "Key": "[parameters('AdvancedFilterSubject')]",
                            "Values": "[parameters('ExcludeStringEndsWithFilterValues')]"
                        }
                    ],
                    "includedEventTypes": "[parameters('includedEventTypes')]"
                }
            }
        }
    ]
}