{
    "$schema": "https://schema.management.azure.com/schemas/2019-04-01/deploymentTemplate.json#",
    "contentVersion": "1.0.0.0",
    "parameters": {
        "storageAccountName": {
            "type": "string",
            "minLength": 3,
            "maxLength": 24,
            "metadata": {
                "description": "The name must be unique across all existing storage account names in Azure.\n\nIt must be 3 to 24 characters long, and can contain only lowercase letters and numbers."
            }
        },
        "storageAccountType": {
            "type": "string",
            "defaultValue": "Standard_LRS",
            "allowedValues": [
                "Standard_LRS",
                "Standard_GRS",
                "Standard_RAGRS",
                "Premium_LRS",
                "Standard_ZRS",
                "Standard_GZRS",
                "Standard_RAGZRS"
            ],
            "metadata": {
                "description": "Storage Account type defines the replication approach."
            }
        },
        "accessTier": {
            "type": "string",
            "defaultValue": "Hot",
            "allowedValues": [
                "Hot",
                "Cold",
                "Archive"
            ],
            "metadata": {
                "description": "Access tier of the Storage Account resource (Hot, Cool, and Archive)."
            }
        },
        "location": {
            "type": "string",
            "defaultValue": "eastus2",
            "metadata": {
                "description": "Location for resource."
            }
        },
        "allowedSubNetIds": {
            "type": "array",
            "defaultValue": []
        },
        "createdDate": {
            "type": "string",
            "defaultValue": "00/00/0000"
        },
        "TemplateVersion": {
            "type": "string",
            "defaultValue": "Titan-Atlas-Alpha",
            "metadata": {
                "description": "Titan Atlas tag."
            }
        }
    },
    "variables": {
        "containerName": "atlas-largefiletransfer",
        "storageAccountName": "[toLower(if(startsWith(parameters('storageAccountName'),'sa'), parameters('storageAccountName'), concat('sa', parameters('storageAccountName'))))]",
        "location": "[toLower(replace(if(empty(parameters('location')), resourceGroup().location, parameters('location')), ' ', ''))]",
        "resourceGroupTags": "[if(contains(resourceGroup(), 'tags'), resourceGroup().tags, json('{}'))]",
        "versionTag": {
            "TemplateVersion": "[parameters('TemplateVersion')]"
        },
        "createdDateTag": {
            "createdOn": "[parameters('createdDate')]"
        },
        "purposeTag": {
            "AtlasPurpose": "Atlas-ServiceBus-LargeFileTransfer"
        },
        "operationsTag": {
            "AtlasOperations": "SASKeyMaintanence"
        },
        "aggregatedTags": "[union(variables('resourceGroupTags'), variables('versionTag'), variables('createdDateTag'), variables('purposeTag'), variables('operationsTag'))]"
    },
    "resources": [
        {
            "apiVersion": "2019-06-01",
            "name": "[variables('storageAccountName')]",
            "type": "Microsoft.Storage/storageAccounts",
            "sku": {
                "name": "[parameters('storageAccountType')]"
            },
            "kind": "StorageV2",
            "location": "[variables('location')]",
            "tags": "[variables('aggregatedTags')]",
            "identity": {
                "type": "SystemAssigned"
            },
            "properties": {
                "allowBlobPublicAccess": false,
                "minimumTlsVersion": "TLS1_2",
                "networkAcls": {
                    "bypass": "Logging, AzureServices",
                    "defaultAction": "Deny",
                    "virtualNetworkRules": "[parameters('allowedSubNetIds')]",
                    "ipRules": [
                        {
                            "value": "8.36.116.204",
                            "action": "Allow"
                        },
                        {
                            "value": "208.91.239.30",
                            "action": "Allow"
                        },
                        {
                            "value": "208.91.239.10",
                            "action": "Allow"
                        },
                        {
                            "value": "208.91.239.11",
                            "action": "Allow"
                        },
                        {
                            "value": "208.91.237.190",
                            "action": "Allow"
                        },
                        {
                            "value": "208.91.237.161",
                            "action": "Allow"
                        },
                        {
                            "value": "208.91.237.162",
                            "action": "Allow"
                        }
                    ]
                },
                "supportsHttpsTrafficOnly": true,
                "accessTier": "[parameters('accessTier')]",
                "encryption": {
                    "services": {
                        "blob": {
                            "enabled": true
                        },
                        "file": {
                            "enabled": true
                        }
                    },
                    "keySource": "Microsoft.Storage"
                }
            },
            "resources": [
                {
                    "type": "providers/advancedThreatProtectionSettings",
                    "name": "Microsoft.Security/current",
                    "apiVersion": "2017-08-01-preview",
                    "dependsOn": [
                        "[resourceId('Microsoft.Storage/storageAccounts/', parameters('storageAccountName'))]"
                    ],
                    "properties": {
                        "isEnabled": true
                    }
                },
                {
                    "name": "[concat('default/', variables('containerName'))]",
                    "type": "blobServices/containers",
                    "apiVersion": "2018-07-01",
                    "dependsOn": [
                        "[resourceId('Microsoft.Storage/storageAccounts/', parameters('storageAccountName'))]"
                    ]
                }
            ]
        }
    ],
    "outputs": {
        "storageAccountName": {
            "type": "string",
            "value": "[variables('storageAccountName')]"
        },
        "storageAccountType": {
            "type": "string",
            "value": "[parameters('storageAccountType')]"
        },
        "accessTier": {
            "type": "string",
            "value": "[parameters('accessTier')]"
        },
        "aggregatedTags": {
            "type": "object",
            "value": "[variables('aggregatedTags')]"
        },
        "location": {
            "type": "string",
            "value": "[variables('location')]"
        }
    }
}
