{
  "if": {
    "allOf": [
      {
        "field": "[concat('tags[', parameters('titanTagName'), ']')]",
        "contains": "[parameters('titanTagValue')]"
      },
      {
        "field": "type",
        "equals": "Microsoft.Storage/storageAccounts"
      },
      {
        "anyOf": [
          {
            "field": "Microsoft.Storage/storageAccounts/enableFileEncryption",
            "equals": "false"
          },
          {
            "field": "Microsoft.Storage/storageAccounts/enableBlobEncryption",
            "equals": "false"
          }
        ]
      }
    ]
  },
  "then": {
    "effect": "[parameters('effect')]"
  }
}