{
  "properties": {
    "displayName": "Allowed resource types",
    "policyType": "BuiltIn",
    "description": "This policy enables you to specify the resource types that your organization can deploy.",
    "parameters": {
      "listOfResourceTypesAllowed": {
        "type": "Array",
        "metadata": {
          "description": "The list of resource types that can be deployed.",
          "displayName": "Allowed resource types",
          "strongType": "resourceTypes"
        }
      }
    },
    "policyRule": {
      "if": {
        "not": {
          "field": "type",
          "in": "[parameters('listOfResourceTypesAllowed')]"
        }
      },
      "then": {
        "effect": "deny"
      }
    }
  },
  "id": "/providers/Microsoft.Authorization/policyDefinitions/a08ec900-254a-4555-9bf5-e42af04b5c5c",
  "type": "Microsoft.Authorization/policyDefinitions",
  "name": "a08ec900-254a-4555-9bf5-e42af04b5c5c"
}