{
  "if": {
    "allOf": [
      {
        "field": "[concat('tags[', parameters('titanTagName'), ']')]",
        "contains": "[parameters('titanTagValue')]"
      },
      {
        "field": "type",
        "equals": "Microsoft.Network/networkSecurityGroups"
      }
    ]
  },
  "then": {
    "effect": "auditIfNotExists",
    "details": {
      "type": "Microsoft.Network/networkSecurityGroups/securityRules",
      "existenceCondition": {
        "allOf": [
          {
            "field": "Microsoft.Network/networkSecurityGroups/securityRules/priority",
            "equals": "4000"
          },
          {
            "field": "Microsoft.Network/networkSecurityGroups/securityRules/sourceAddressPrefix",
            "equals": "*"
          },
          {
            "field": "Microsoft.Network/networkSecurityGroups/securityRules/destinationAddressPrefix",
            "equals": "*"
          },
          {
            "field": "Microsoft.Network/networkSecurityGroups/securityRules/direction",
            "equals": "Inbound"
          },
          {
            "field": "Microsoft.Network/networkSecurityGroups/securityRules/access",
            "equals": "Deny"
          },
          {
            "field": "Microsoft.Network/networkSecurityGroups/securityRules/sourcePortRange",
            "equals": "*"
          },
          {
            "field": "Microsoft.Network/networkSecurityGroups/securityRules/destinationPortRange",
            "equals": "*"
          }
        ]
      }
    }
  }
}